{
  "file_path": "D:\\Post-Processing-Shruti\\data\\raw_srts\\engine_0_whisperx_large-v2_WhisperXEngine_large-v2 (5).srt",
  "processing_time": 104.49163293838501,
  "total_segments": 269,
  "segments_modified": 66,
  "corrections_applied": {
    "fixed_capitalization": 25,
    "converted_numbers": 11,
    "handled_conversational_nuances": 19,
    "removed_filler_words": 14,
    "sanskrit_hindi_direct_replacement": 16,
    "legacy_lexicon_correction": 2,
    "conversational_partial_phrase": 68,
    "removed_repetitions": 3
  },
  "timestamp_integrity_verified": true,
  "errors_encountered": [
    "Error processing SRT file D:\\Post-Processing-Shruti\\data\\raw_srts\\engine_0_whisperx_large-v2_WhisperXEngine_large-v2 (5).srt: 'str' object has no attribute 'parent'"
  ],
  "warnings_encountered": [
    "High semantic drift (0.450) in segment",
    "High semantic drift (0.326) in segment",
    "High semantic drift (0.317) in segment",
    "High semantic drift (0.413) in segment",
    "High semantic drift (0.334) in segment"
  ],
  "original_word_count": 3459,
  "processed_word_count": 3382,
  "original_char_count": 19418,
  "processed_char_count": 19011,
  "confidence_scores": [
    0.74,
    0.7,
    0.75,
    0.7833333333333333,
    0.6852941176470588,
    0.72,
    0.7104181431608787,
    0.6722222222222222,
    0.75,
    0.7,
    0.73,
    0.7071428571428571,
    0.7026315789473684,
    0.6417582417582417,
    0.75,
    0.7166666666666667,
    0.5145454545454545,
    0.85,
    0.75,
    0.73,
    0.7999999999999999,
    0.635909090909091,
    0.73,
    0.5851020408163264,
    0.7749999999999999,
    0.85,
    0.8444444444444444,
    0.85,
    0.657142857142857,
    0.7357142857142857,
    0.7642857142857142,
    0.37999999999999995,
    0.85,
    0.77,
    0.77,
    0.7071428571428571,
    0.7666666666666666,
    0.77,
    0.7,
    0.6944444444444444,
    0.62828125,
    0.7166666666666667,
    0.7166666666666667,
    0.7,
    0.7166666666666667,
    0.6499999999999999,
    0.6944444444444444,
    0.678021978021978,
    0.7071428571428571,
    0.7071428571428571,
    0.6833333333333333,
    0.79,
    0.6785714285714286,
    0.6499999999999999,
    0.7088235294117646,
    0.75,
    0.5526190476190476,
    0.6499999999999999,
    0.6749999999999999,
    0.7433333333333333,
    0.75,
    0.75,
    0.7071428571428571,
    0.75,
    0.7023809523809524,
    0.6590909090909091,
    0.8388888888888889,
    0.817741935483871,
    0.7357142857142857,
    0.71,
    0.7,
    0.714,
    0.75,
    0.7666666666666666,
    0.8214285714285714,
    0.7833333333333333,
    0.7999999999999999,
    0.75,
    0.6499999999999999,
    0.7166666666666667,
    0.75,
    0.73,
    0.62,
    0.5433333333333332,
    0.7227272727272727,
    0.5684521739130434,
    0.75,
    0.73,
    0.69,
    0.85,
    0.759090909090909,
    0.7166666666666667,
    0.77,
    0.8463636363636363,
    0.85,
    0.85,
    0.85,
    0.85,
    0.85,
    0.85,
    0.6499999999999999,
    0.5182758620689656,
    0.6928571428571428,
    0.77,
    0.77,
    0.5242857142857142,
    0.7269230769230769,
    0.7388888888888888,
    0.6477777777777778,
    0.725,
    0.7333333333333333,
    0.37948717948717936,
    0.7357142857142857,
    0.85,
    0.7227272727272727,
    0.5284848484848486,
    0.69,
    0.69,
    0.73,
    0.8463636363636363,
    0.7603448275862068,
    0.75,
    0.7,
    0.6499999999999999,
    0.6499999999999999,
    0.6499999999999999,
    0.6499999999999999,
    0.7166666666666667,
    0.7954545454545454,
    0.6909090909090908,
    0.7433333333333333,
    0.7,
    0.75,
    0.6615384615384614,
    0.7357142857142857,
    0.7357142857142857,
    0.75,
    0.8067567567567567,
    0.6649820788530466,
    0.7166666666666667,
    0.7214285714285714,
    0.7357142857142857,
    0.7166666666666667,
    0.85,
    0.5936842105263158,
    0.73,
    0.6775,
    0.7849999999999999,
    0.6799999999999999,
    0.75,
    0.6215458937198067,
    0.7166666666666667,
    0.7166666666666667,
    0.77,
    0.7657894736842105,
    0.706,
    0.8115384615384615,
    0.6230581613508442,
    0.7611111111111111,
    0.46684210526315795,
    0.6499999999999999,
    0.6499999999999999,
    0.6366666666666666,
    0.75,
    0.7203225806451613,
    0.72,
    0.6499999999999999,
    0.75,
    0.6738461538461538,
    0.7357142857142857,
    0.825,
    0.7999999999999999,
    0.842,
    0.6666666666666666,
    0.7,
    0.7149068322981367,
    0.5223809523809523,
    0.6252287581699346,
    0.7375,
    0.75,
    0.725,
    0.6833333333333333,
    0.6833333333333333,
    0.7749999999999999,
    0.0,
    0.6921052631578947,
    0.6863636363636363,
    0.6499999999999999,
    0.75,
    0.7884615384615384,
    0.6701754385964912,
    0.6499999999999999,
    0.6944444444444444,
    0.6499999999999999,
    0.7166666666666667,
    0.6642857142857141,
    0.7833333333333333,
    0.6699999999999999,
    0.6212444663059519,
    0.7195652173913043,
    0.79,
    0.6799999999999999,
    0.7006912442396313,
    0.7611111111111111,
    0.6741176470588235,
    0.7423076923076923,
    0.7153256704980842,
    0.75,
    0.85,
    0.7642857142857142,
    0.759090909090909,
    0.5343103448275861,
    0.6499999999999999,
    0.7566666666666666,
    0.69,
    0.5618181818181818,
    0.6499999999999999,
    0.5313333333333333,
    0.75,
    0.75,
    0.69,
    0.6499999999999999,
    0.6766666666666666,
    0.8166666666666667,
    0.7749999999999999,
    0.7,
    0.8099999999999999,
    0.618780487804878,
    0.73,
    0.7714285714285714,
    0.0,
    0.85,
    0.85,
    0.85,
    0.7166666666666667,
    0.7071428571428571,
    0.6499999999999999,
    0.5311702127659574,
    0.6681818181818182,
    0.7388888888888888,
    0.0,
    0.6879338175948344,
    0.8112903225806452,
    0.85,
    0.85,
    0.8086206896551724,
    0.6782608695652173,
    0.7749999999999999,
    0.6944444444444444,
    0.7342105263157894,
    0.7,
    0.7166666666666667,
    0.7357142857142857,
    0.8447368421052631,
    0.7166666666666667,
    0.7166666666666667,
    0.7045454545454545,
    0.4583333333333333,
    0.7625,
    0.7166666666666667,
    0.73,
    0.759090909090909,
    0.7166666666666667,
    0.7205882352941176,
    0.85,
    0.8239130434782609,
    0.8289473684210527,
    0.7880952380952381,
    0.6401680672268908
  ],
  "average_confidence": 0.7099576350990795,
  "flagged_segments": 232,
  "parsing_time": 0.0020182132720947266,
  "normalization_time": 0.2671501636505127,
  "correction_time": 104.18726968765259,
  "validation_time": 0.0,
  "processing_timestamp": "2025-08-10T16:12:32.062075+00:00",
  "processor_version": "1.0.0",
  "configuration_used": {}
}