{
  "file_path": "D:\\Post-Processing-Shruti\\data\\raw_srts\\engine_1_whisperx_large-v3_WhisperXEngine_large-v3.srt",
  "processing_time": 171.1172170639038,
  "total_segments": 428,
  "segments_modified": 116,
  "corrections_applied": {
    "fixed_capitalization": 53,
    "converted_numbers": 18,
    "handled_conversational_nuances": 29,
    "removed_filler_words": 39,
    "removed_repetitions": 3,
    "sanskrit_hindi_direct_replacement": 24
  },
  "timestamp_integrity_verified": true,
  "errors_encountered": [],
  "warnings_encountered": [
    "High semantic drift (0.440) in segment",
    "High semantic drift (0.326) in segment",
    "High semantic drift (0.317) in segment",
    "High semantic drift (0.303) in segment",
    "High semantic drift (0.333) in segment",
    "High semantic drift (0.476) in segment",
    "High semantic drift (0.325) in segment"
  ],
  "original_word_count": 3913,
  "processed_word_count": 3830,
  "original_char_count": 22626,
  "processed_char_count": 22122,
  "confidence_scores": [
    0.7209677419354839,
    0.7166666666666667,
    0.72,
    0.7357142857142857,
    0.72,
    0.7104181431608787,
    0.6944444444444444,
    0.7642857142857142,
    0.7,
    0.73,
    0.7071428571428571,
    0.5999999999999999,
    0.73,
    0.6417582417582417,
    0.75,
    0.7166666666666667,
    0.5145454545454545,
    0.48363636363636353,
    0.6961538461538461,
    0.7045454545454545,
    0.73,
    0.7,
    0.75,
    0.6406388206388206,
    0.5851020408163264,
    0.7749999999999999,
    0.5191596638655461,
    0.71,
    0.75,
    0.7045454545454545,
    0.6285714285714286,
    0.566764705882353,
    0.75,
    0.6666666666666666,
    0.6283509513742072,
    0.7333333333333333,
    0.77,
    0.6749999999999999,
    0.75,
    0.7458502024291498,
    0.3899999999999999,
    0.6499999999999999,
    0.71,
    0.7423076923076923,
    0.71,
    0.77,
    0.77,
    0.7071428571428571,
    0.7666666666666666,
    0.75,
    0.7,
    0.6944444444444444,
    0.6010126582278481,
    0.75,
    0.7166666666666667,
    0.71,
    0.7021739130434782,
    0.678021978021978,
    0.7071428571428571,
    0.7071428571428571,
    0.6833333333333333,
    0.7833333333333333,
    0.6285714285714286,
    0.6499999999999999,
    0.7088235294117646,
    0.75,
    0.5526190476190476,
    0.75,
    0.6749999999999999,
    0.7433333333333333,
    0.75,
    0.75,
    0.7071428571428571,
    0.75,
    0.7023809523809524,
    0.7166666666666667,
    0.8055555555555556,
    0.5166666666666666,
    0.69,
    0.48599999999999993,
    0.7142857142857142,
    0.7136363636363636,
    0.7071428571428571,
    0.75,
    0.687391304347826,
    0.6199999999999999,
    0.5675492957746479,
    0.7357142857142857,
    0.7227272727272727,
    0.7,
    0.714,
    0.7625,
    0.7166666666666667,
    0.7666666666666666,
    0.7666666666666666,
    0.75,
    0.725,
    0.7071428571428571,
    0.6699999999999999,
    0.6749999999999999,
    0.73,
    0.722,
    0.7999999999999999,
    0.75,
    0.6499999999999999,
    0.7166666666666667,
    0.75,
    0.73,
    0.6097009966777408,
    0.5433333333333332,
    0.7227272727272727,
    0.5644666666666666,
    0.71,
    0.73,
    0.69,
    0.5999999999999999,
    0.6888888888888889,
    0.6925490196078432,
    0.7388888888888888,
    0.7388888888888888,
    0.75,
    0.7166666666666667,
    0.77,
    0.73,
    0.7576923076923077,
    0.7749999999999999,
    0.7576923076923077,
    0.5999999999999999,
    0.6633184143222507,
    0.73,
    0.73,
    0.7409090909090909,
    0.75,
    0.6601162790697676,
    0.725,
    0.6499999999999999,
    0.75,
    0.6499999999999999,
    0.6499999999999999,
    0.496068376068376,
    0.7166666666666667,
    0.5699999999999998,
    0.75,
    0.5973913043478261,
    0.7269230769230769,
    0.7388888888888888,
    0.6477777777777778,
    0.5917256637168141,
    0.7333333333333333,
    0.37948717948717936,
    0.7357142857142857,
    0.5082758620689655,
    0.7,
    0.75,
    0.7409090909090909,
    0.6147032688035543,
    0.7227272727272727,
    0.5284848484848486,
    0.69,
    0.69,
    0.73,
    0.6499999999999999,
    0.7,
    0.73,
    0.6863636363636363,
    0.6499999999999999,
    0.6857142857142856,
    0.6749999999999999,
    0.6499999999999999,
    0.6833333333333333,
    0.71,
    0.69,
    0.75,
    0.7,
    0.6499999999999999,
    0.6499999999999999,
    0.6499999999999999,
    0.6499999999999999,
    0.7166666666666667,
    0.725,
    0.7,
    0.69,
    0.6499999999999999,
    0.6499999999999999,
    0.75,
    0.7611111111111111,
    0.7433333333333333,
    0.7166666666666667,
    0.69,
    0.6615384615384614,
    0.7357142857142857,
    0.7357142857142857,
    0.75,
    0.6928571428571428,
    0.69,
    0.75,
    0.75,
    0.7124999999999999,
    0.6649820788530466,
    0.75,
    0.7214285714285714,
    0.7357142857142857,
    0.7166666666666667,
    0.75,
    0.73,
    0.7,
    0.7166666666666667,
    0.6395238095238095,
    0.7611111111111111,
    0.7166666666666667,
    0.73,
    0.6775,
    0.6613821138211382,
    0.7184210526315788,
    0.73,
    0.75,
    0.6005215419501133,
    0.7166666666666667,
    0.7166666666666667,
    0.75,
    0.7657894736842105,
    0.6666666666666666,
    0.7,
    0.7,
    0.6834146341463414,
    0.6088888888888889,
    0.7166666666666667,
    0.75,
    0.7099642309657638,
    0.759090909090909,
    0.75,
    0.5983333333333333,
    0.7611111111111111,
    0.46684210526315795,
    0.6499999999999999,
    0.6499999999999999,
    0.6366666666666666,
    0.75,
    0.7203225806451613,
    0.72,
    0.6499999999999999,
    0.75,
    0.6738461538461538,
    0.7357142857142857,
    0.75,
    0.71,
    0.7611111111111111,
    0.7166666666666667,
    0.7409090909090909,
    0.759090909090909,
    0.7246428571428571,
    0.6207317073170732,
    0.75,
    0.7423076923076923,
    0.6499999999999999,
    0.7166666666666667,
    0.7166666666666667,
    0.6499999999999999,
    0.7149068322981367,
    0.5223809523809523,
    0.6995726495726495,
    0.7375,
    0.75,
    0.6587606837606836,
    0.6833333333333333,
    0.5256164383561643,
    0.5623023578363384,
    0.7749999999999999,
    0.77,
    0.7,
    0.725,
    0.75,
    0.69,
    0.7166666666666667,
    0.6499999999999999,
    0.69,
    0.7,
    0.6863636363636363,
    0.6499999999999999,
    0.75,
    0.75,
    0.73,
    0.557142857142857,
    0.6499999999999999,
    0.6714285714285714,
    0.6944444444444444,
    0.7166666666666667,
    0.6709677419354838,
    0.5039999999999999,
    0.6499999999999999,
    0.69,
    0.5321505376344086,
    0.7611111111111111,
    0.7166666666666667,
    0.5335211267605633,
    0.79,
    0.7833333333333333,
    0.6499999999999999,
    0.7115384615384615,
    0.6497916666666667,
    0.7166666666666667,
    0.79,
    0.6799999999999999,
    0.6894122731201383,
    0.7611111111111111,
    0.7241176470588235,
    0.7423076923076923,
    0.7153256704980842,
    0.75,
    0.683974358974359,
    0.7,
    0.7999999999999999,
    0.75,
    0.7166666666666667,
    0.73,
    0.75,
    0.75,
    0.7642857142857142,
    0.759090909090909,
    0.5343103448275861,
    0.6499999999999999,
    0.7566666666666666,
    0.69,
    0.5618181818181818,
    0.6499999999999999,
    0.5327450980392157,
    0.75,
    0.75,
    0.7071428571428571,
    0.6766666666666666,
    0.7749999999999999,
    0.6261111111111111,
    0.6412912087912088,
    0.6945535714285714,
    0.7749999999999999,
    0.7,
    0.8099999999999999,
    0.6161538461538462,
    0.71,
    0.6941310160427807,
    0.6665625,
    0.77,
    0.69,
    0.6833333333333333,
    0.69,
    0.75,
    0.7833333333333333,
    0.69,
    0.5833333333333334,
    0.6833333333333333,
    0.85,
    0.7234972677595628,
    0.7388888888888888,
    0.738235294117647,
    0.75,
    0.7388888888888888,
    0.6749999999999999,
    0.6499999999999999,
    0.6806451612903225,
    0.725,
    0.75,
    0.6499999999999999,
    0.7142857142857142,
    0.5599999999999999,
