{
  "file_path": "D:\\Post-Processing-Shruti\\data\\raw_srts\\engine_0_whisperx_large-v2_WhisperXEngine_large-v2 (6).srt",
  "processing_time": 88.21143245697021,
  "total_segments": 161,
  "segments_modified": 77,
  "corrections_applied": {
    "ner_entities_identified": 17,
    "ner_capitalizations": 0,
    "ner_processing": 161,
    "handled_conversational_nuances": 49,
    "fixed_capitalization": 40,
    "converted_numbers": 12,
    "sanskrit_hindi_direct_replacement": 18,
    "removed_filler_words": 8,
    "sanskrit_hindi_transliteration": 2,
    "conversational_filler_context": 2
  },
  "timestamp_integrity_verified": true,
  "errors_encountered": [],
  "warnings_encountered": [
    "High semantic drift (0.361) in segment",
    "High semantic drift (0.373) in segment",
    "High semantic drift (0.313) in segment",
    "High semantic drift (0.301) in segment",
    "High semantic drift (0.428) in segment",
    "High semantic drift (1.000) in segment"
  ],
  "original_word_count": 2143,
  "processed_word_count": 2079,
  "original_char_count": 11982,
  "processed_char_count": 11662,
  "confidence_scores": [
    0.7166666666666667,
    0.6499999999999999,
    0.7318181818181818,
    0.5166900420757362,
    0.7261904761904762,
    0.4918749999999999,
    0.75,
    0.75,
    0.7666666666666666,
    0.7452380952380953,
    0.77,
    0.6024475524475524,
    0.5539417262231995,
    0.75,
    0.7045454545454545,
    0.7166666666666667,
    0.7236842105263157,
    0.7833333333333333,
    0.615,
    0.47375,
    0.7749999999999999,
    0.7642857142857142,
    0.7642857142857142,
    0.7025,
    0.49918604651162785,
    0.4772727272727273,
    0.6599999999999999,
    0.714,
    0.73,
    0.7269230769230769,
    0.5838494997825142,
    0.5650241545893719,
    0.5284848484848484,
    0.69,
    0.7166666666666667,
    0.75,
    0.7423076923076923,
    0.620987460815047,
    0.6659774436090224,
    0.6063257575757575,
    0.4181818181818181,
    0.6383333333333333,
    0.5980672268907562,
    0.3999999999999999,
    0.7261904761904762,
    0.578142414860681,
    0.6067857142857143,
    0.4947058823529411,
    0.7166666666666667,
    0.6876623376623375,
    0.7201639344262295,
    0.7115384615384615,
    0.5123809523809524,
    0.7269230769230769,
    0.7088235294117646,
    0.6799999999999999,
    0.6028230337078652,
    0.543032581453634,
    0.7357142857142857,
    0.7227272727272727,
    0.5506926406926406,
    0.5597430830039525,
    0.746969696969697,
    0.7042929292929292,
    0.7,
    0.5499999999999999,
    0.6785714285714285,
    0.7238095238095238,
    0.7045454545454545,
    0.7269230769230769,
    0.6023398169336385,
    0.5748717948717949,
    0.6769230769230768,
    0.6547826086956522,
    0.7166666666666667,
    0.7558823529411764,
    0.75,
    0.73,
    0.47291866028708135,
    0.5130188679245282,
    0.725,
    0.7166666666666667,
    0.7166666666666667,
    0.7999999999999999,
    0.73,
    0.7833333333333333,
    0.75,
    0.6333333333333333,
    0.7999999999999999,
    0.7166666666666667,
    0.7928571428571428,
    0.5896440872560276,
    0.85,
    0.6329689608636977,
    0.6127535521803037,
    0.75,
    0.7,
    0.7142857142857142,
    0.71,
    0.7999999999999999,
    0.7139784946236558,
    0.6193103448275861,
    0.6548717948717947,
    0.4918749999999999,
    0.6709467040673213,
    0.6242786069651741,
    0.75,
    0.7357142857142857,
    0.6499999999999999,
    0.6807692307692308,
    0.7071428571428571,
    0.5666724237190557,
    0.5311904761904761,
    0.5022222222222222,
    0.6285714285714286,
    0.6057707509881423,
    0.6148051948051948,
    0.73,
    0.6499999999999999,
    0.7,
    0.7,
    0.58,
    0.7374999999999999,
    0.7388888888888888,
    0.6833333333333332,
    0.5744444444444444,
    0.53,
    0.6333333333333333,
    0.5829268292682926,
    0.7166666666666667,
    0.6,
    0.69,
    0.6906088751289989,
    0.5322930648769574,
    0.7642857142857142,
    0.5956862745098038,
    0.6688842105263156,
    0.75,
    0.7327586206896551,
    0.7,
    0.71,
    0.6909090909090908,
    0.6386688311688311,
    0.4415384615384615,
    0.575,
    0.6799999999999999,
    0.5433333333333332,
    0.7,
    0.73,
    0.565013876040703,
    0.7642857142857142,
    0.759090909090909,
    0.746,
    0.7214285714285714,
    0.7416666666666667,
    0.7166666666666667,
    0.7357142857142857,
    0.74,
    0.5612499999999999,
    0.7091666666666667,
    0.75
  ],
  "average_confidence": 0.6659443777783787,
  "flagged_segments": 160,
  "parsing_time": 0.0009992122650146484,
  "normalization_time": 0.19317293167114258,
  "correction_time": 87.68353319168091,
  "validation_time": 0.0014519691467285156,
  "processing_timestamp": "2025-08-11T11:55:17.111378+00:00",
  "processor_version": "1.0.0",
  "configuration_used": {}
}