{
  "file_path": "data\\raw_srts\\HighlightsTulsiRamayana102816HQ#28.srt",
  "processing_time": 136.00144958496094,
  "total_segments": 389,
  "segments_modified": 249,
  "corrections_applied": {
    "removed_filler_words": 46,
    "fixed_capitalization": 181,
    "converted_numbers": 18,
    "standardized_punctuation": 9,
    "handled_conversational_nuances": 30,
    "conversational_partial_phrase": 6,
    "removed_repetitions": 1,
    "sanskrit_hindi_direct_replacement": 22
  },
  "timestamp_integrity_verified": true,
  "errors_encountered": [],
  "warnings_encountered": [
    "High semantic drift (0.429) in segment",
    "High semantic drift (0.368) in segment",
    "High semantic drift (0.366) in segment",
    "High semantic drift (0.363) in segment",
    "High semantic drift (0.314) in segment",
    "High semantic drift (0.539) in segment",
    "High semantic drift (0.365) in segment",
    "High semantic drift (0.308) in segment",
    "High semantic drift (0.308) in segment",
    "High semantic drift (0.308) in segment",
    "High semantic drift (0.376) in segment",
    "High semantic drift (0.316) in segment"
  ],
  "original_word_count": 3895,
  "processed_word_count": 3769,
  "original_char_count": 22546,
  "processed_char_count": 22016,
  "confidence_scores": [
    0.6944444444444444,
    0.6499999999999999,
    0.6061904761904762,
    0.6962962962962963,
    0.7333333333333333,
    0.7388888888888888,
    0.75,
    0.7,
    0.7071428571428571,
    0.6399999999999999,
    0.6363636363636362,
    0.7611111111111111,
    0.7388888888888888,
    0.7,
    0.7115384615384615,
    0.6749999999999999,
    0.7166666666666667,
    0.75,
    0.6769230769230768,
    0.6518796992481202,
    0.6666666666666666,
    0.6888888888888888,
    0.6612499999999999,
    0.6454838709677418,
    0.73,
    0.7116666666666666,
    0.7040337711069418,
    0.5914285714285714,
    0.7383928571428571,
    0.5708305647840531,
    0.725,
    0.6888888888888888,
    0.7833333333333333,
    0.7166666666666667,
    0.6634751773049645,
    0.7599999999999999,
    0.7611111111111111,
    0.5916465863453815,
    0.5389147286821705,
    0.6857142857142856,
    0.7833333333333333,
    0.7115384615384615,
    0.6749999999999999,
    0.7071428571428571,
    0.6833333333333333,
    0.73,
    0.6749999999999999,
    0.6599999999999999,
    0.7,
    0.6944444444444444,
    0.39954545454545454,
    0.7333333333333333,
    0.6777777777777777,
    0.7045454545454545,
    0.6833333333333333,
    0.558235294117647,
    0.6769230769230768,
    0.7227272727272727,
    0.7096703296703296,
    0.6666666666666666,
    0.7,
    0.5655882352941176,
    0.759090909090909,
    0.5794771241830065,
    0.6487562189054726,
    0.7071428571428571,
    0.75,
    0.73,
    0.6799999999999999,
    0.6523584905660377,
    0.7045454545454545,
    0.6731256085686464,
    0.5755555555555555,
    0.7357142857142857,
    0.5621428571428572,
    0.6746428571428571,
    0.7388888888888888,
    0.77,
    0.7666666666666666,
    0.7047281323877068,
    0.6961538461538461,
    0.75,
    0.7749999999999999,
    0.6799999999999999,
    0.75,
    0.7029166666666665,
    0.6909090909090908,
    0.85,
    0.543611111111111,
    0.7333333333333333,
    0.5408695652173913,
    0.605891472868217,
    0.5496296296296297,
    0.5396428571428571,
    0.75,
    0.43176470588235294,
    0.668111888111888,
    0.75,
    0.7333333333333333,
    0.6599999999999999,
    0.6749999999999999,
    0.6451612903225806,
    0.7166666666666667,
    0.7576923076923077,
    0.6909090909090908,
    0.5373529411764705,
    0.7,
    0.5365110565110565,
    0.7611111111111111,
    0.6749999999999999,
    0.6930232558139534,
    0.653392857142857,
    0.73,
    0.6863636363636363,
    0.7057539682539682,
    0.75,
    0.73,
    0.7124999999999999,
    0.7409090909090909,
    0.5119999999999999,
    0.6468749999999999,
    0.7166666666666667,
    0.6499999999999999,
    0.7124999999999999,
    0.725,
    0.6727272727272726,
    0.6833333333333333,
    0.7409090909090909,
    0.7409090909090909,
    0.7388888888888888,
    0.7142857142857142,
    0.7423076923076923,
    0.7227272727272727,
    0.5990697674418605,
    0.6499999999999999,
    0.6248701298701298,
    0.587391304347826,
    0.5373076923076923,
    0.73,
    0.5345454545454545,
    0.642,
    0.6799999999999999,
    0.5908791208791208,
    0.7119047619047618,
    0.6836257309941519,
    0.709090909090909,
    0.6363636363636362,
    0.6199999999999999,
    0.6194252873563219,
    0.7611111111111111,
    0.6499999999999999,
    0.7071428571428571,
    0.7257142857142856,
    0.7388888888888888,
    0.657142857142857,
    0.7576923076923077,
    0.6333333333333333,
    0.5673814041745731,
    0.7227272727272727,
    0.7,
    0.6722222222222222,
    0.6499999999999999,
    0.5999999999999999,
    0.6499999999999999,
    0.6599999999999999,
    0.6366666666666666,
    0.6599999999999999,
    0.6799999999999999,
    0.725,
    0.547142857142857,
    0.7277142857142856,
    0.7166666666666667,
    0.6366666666666666,
    0.725,
    0.7,
    0.6566666666666666,
    0.5999999999999999,
    0.6666666666666666,
    0.7287179487179487,
    0.7083333333333334,
    0.73,
    0.668081841432225,
    0.6504761904761903,
    0.555089605734767,
    0.6988095238095238,
    0.6676785714285713,
    0.6269230769230769,
    0.6864973262032085,
    0.7333333333333333,
    0.7357142857142857,
    0.6692708333333333,
    0.7166666666666667,
    0.7269230769230769,
    0.5999999999999999,
    0.6621568627450981,
    0.6666666666666666,
    0.7625,
    0.5852380952380953,
    0.75,
    0.73,
    0.6666666666666666,
    0.5835714285714285,
    0.73,
    0.6777173913043477,
    0.6372549019607843,
    0.7388888888888888,
    0.4826041666666667,
    0.5653233830845771,
    0.6785714285714286,
    0.6675324675324675,
    0.4902409638554216,
    0.6444444444444444,
    0.7076190476190475,
    0.6499242424242424,
    0.6666666666666666,
    0.5661904761904761,
    0.6166666666666666,
    0.6445833333333333,
    0.6256149732620321,
    0.5329255319148936,
    0.43272727272727274,
    0.7409090909090909,
    0.6666666666666666,
    0.6181818181818182,
    0.6399999999999999,
    0.6833333333333333,
    0.6265151515151515,
    0.7357142857142857,
    0.657142857142857,
    0.6833333333333332,
    0.75,
    0.6615384615384614,
    0.7928571428571428,
    0.6833333333333332,
    0.6316161616161616,
    0.7,
    0.69,
    0.7,
    0.6599999999999999,
    0.6785714285714286,
    0.604965034965035,
    0.75,
    0.75,
    0.7166666666666666,
    0.6133333333333333,
    0.7166666666666667,
    0.75,
    0.7166666666666667,
    0.6152380952380953,
    0.5999999999999999,
    0.5948275862068965,
    0.7269230769230769,
    0.6727272727272726,
    0.7166666666666667,
    0.6352459016393442,
    0.673264540337711,
    0.6396825396825396,
    0.75,
    0.6727272727272726,
    0.6722222222222222,
    0.6399999999999999,
    0.7374999999999999,
    0.6814889336016096,
    0.5436842105263157,
    0.3942857142857143,
    0.75,
    0.77,
    0.73,
    0.7269230769230769,
    0.7,
    0.69,
    0.6833333333333333,
    0.5999999999999999,
    0.6666666666666666,
    0.7409090909090909,
    0.4698823529411765,
    0.6333333333333333,
    0.6499999999999999,
    0.6749999999999999,
    0.5999999999999999,
    0.75,
    0.6666666666666666,
    0.6527950310559005,
    0.5999999999999999,
    0.75,
    0.6749999999999999,
    0.6301418439716312,
    0.7066666666666666,
    0.7166666666666667,
    0.7,
    0.657142857142857,
    0.7409090909090909,
    0.7166666666666667,
    0.6499999999999999,
    0.6399999999999999,
    0.77,
    0.6801587301587301,
    0.6719999999999999,
    0.7571428571428571,
    0.7071428571428571,
    0.684126984126984,
    0.6749999999999999,
    0.7115384615384615,
    0.7166666666666667,
    0.566875,
    0.759090909090909,
    0.723076923076923,
    0.5521428571428572,
    0.7045454545454545,
