{
  "file_path": "data\\raw_srts\\Ramayana_2016-27 102116.srt",
  "processing_time": 193.53369188308716,
  "total_segments": 442,
  "segments_modified": 262,
  "corrections_applied": {
    "removed_filler_words": 32,
    "fixed_capitalization": 215,
    "converted_numbers": 13,
    "handled_conversational_nuances": 39,
    "sanskrit_hindi_direct_replacement": 18,
    "conversational_rescinded": 4
  },
  "timestamp_integrity_verified": true,
  "errors_encountered": [],
  "warnings_encountered": [
    "High semantic drift (0.340) in segment",
    "High semantic drift (0.304) in segment",
    "High semantic drift (0.392) in segment",
    "High semantic drift (0.302) in segment",
    "High semantic drift (0.431) in segment",
    "High semantic drift (0.400) in segment",
    "High semantic drift (0.378) in segment",
    "High semantic drift (0.305) in segment",
    "High semantic drift (0.318) in segment"
  ],
  "original_word_count": 4275,
  "processed_word_count": 4132,
  "original_char_count": 24653,
  "processed_char_count": 24140,
  "confidence_scores": [
    0.6749999999999999,
    0.6499999999999999,
    0.6061904761904762,
    0.6962962962962963,
    0.7333333333333333,
    0.7071428571428571,
    0.6499999999999999,
    0.73,
    0.77,
    0.7124999999999999,
    0.7409090909090909,
    0.657142857142857,
    0.6277777777777778,
    0.7666666666666666,
    0.7749999999999999,
    0.597816091954023,
    0.7666666666666666,
    0.75,
    0.7357142857142857,
    0.7227272727272727,
    0.7066666666666666,
    0.6857142857142856,
    0.549924812030075,
    0.7333333333333333,
    0.6833333333333332,
    0.7388888888888888,
    0.7666666666666666,
    0.6177272727272728,
    0.6191289198606271,
    0.7227272727272727,
    0.6428571428571428,
    0.5614814814814815,
    0.6195454545454544,
    0.7772727272727272,
    0.6399999999999999,
    0.7166666666666666,
    0.75,
    0.7576923076923077,
    0.7214285714285714,
    0.5471929824561403,
    0.48875,
    0.6833333333333332,
    0.77,
    0.77,
    0.665,
    0.6040566037735849,
    0.7409090909090909,
    0.6499999999999999,
    0.700067842605156,
    0.7,
    0.7357142857142857,
    0.6727272727272726,
    0.6562962962962963,
    0.6799999999999999,
    0.77,
    0.7833333333333333,
    0.6833333333333333,
    0.7,
    0.6399999999999999,
    0.6684496124031009,
    0.7,
    0.6404761904761904,
    0.759090909090909,
    0.657142857142857,
    0.7999999999999999,
    0.6799999999999999,
    0.7244047619047619,
    0.7071428571428571,
    0.7076923076923076,
    0.605,
    0.6499999999999999,
    0.75,
    0.695890410958904,
    0.7566666666666666,
    0.6199999999999999,
    0.6666666666666666,
    0.5210954616588419,
    0.5400512163892445,
    0.75,
    0.6749999999999999,
    0.7388888888888888,
    0.72,
    0.6444444444444444,
    0.7433333333333333,
    0.6363636363636362,
    0.7999999999999999,
    0.5962025316455695,
    0.7227272727272727,
    0.6874207188160676,
    0.7227272727272727,
    0.7166666666666667,
    0.6722222222222222,
    0.7785714285714286,
    0.6693396226415094,
    0.73,
    0.7166666666666666,
    0.7423076923076923,
    0.75,
    0.6944444444444444,
    0.6741176470588235,
    0.72,
    0.75,
    0.5742735042735042,
    0.759090909090909,
    0.77,
    0.6888888888888888,
    0.6499999999999999,
    0.6599999999999999,
    0.7,
    0.69375,
    0.6923076923076923,
    0.7676470588235293,
    0.75,
    0.5687272727272726,
    0.75,
    0.725,
    0.7249999999999999,
    0.6863636363636363,
    0.6499999999999999,
    0.7166666666666667,
    0.7285714285714285,
    0.69,
    0.6750819672131146,
    0.7566666666666666,
    0.6749999999999999,
    0.5918918918918917,
    0.6499999999999999,
    0.6333333333333333,
    0.6666666666666666,
    0.69,
    0.6499999999999999,
    0.6799999999999999,
    0.7166666666666667,
    0.5199999999999999,
    0.6837164750957854,
    0.6909090909090908,
    0.75,
    0.6617486338797813,
    0.725,
    0.7166666666666667,
    0.7749999999999999,
    0.6799999999999999,
    0.75,
    0.48295454545454536,
    0.6148717948717949,
    0.5126923076923077,
    0.6666666666666666,
    0.7166666666666667,
    0.6666666666666666,
    0.5998611111111111,
    0.6399999999999999,
    0.5688095238095237,
    0.6199999999999999,
    0.75,
    0.7166666666666667,
    0.6833333333333332,
    0.5821031746031745,
    0.6749999999999999,
    0.6399999999999999,
    0.6499999999999999,
    0.6888888888888888,
    0.7833333333333333,
    0.6666666666666666,
    0.7,
    0.646031746031746,
    0.657142857142857,
    0.638,
    0.7071428571428571,
    0.7,
    0.6753125,
    0.711111111111111,
    0.6906249999999999,
    0.6226890756302521,
    0.6888888888888888,
    0.6957746478873239,
    0.7047281323877068,
    0.4989236111111111,
    0.7227272727272727,
    0.6188368983957219,
    0.7032805429864253,
    0.6296747967479674,
    0.7333333333333333,
    0.611153846153846,
    0.5518614718614717,
    0.7333333333333333,
    0.6649999999999999,
    0.6249999999999999,
    0.7166666666666667,
    0.7166666666666667,
    0.79,
    0.7,
    0.7611111111111111,
    0.8099999999999999,
    0.7,
    0.48584415584415575,
    0.6515873015873015,
    0.7227272727272727,
    0.7071428571428571,
    0.6842105263157894,
    0.6799999999999999,
    0.6833333333333333,
    0.5452083333333333,
    0.6717032967032966,
    0.6559999999999999,
    0.7071428571428571,
    0.7676470588235293,
    0.7333333333333333,
    0.75,
    0.7227272727272727,
    0.6799999999999999,
    0.69,
    0.6807142857142856,
    0.6666666666666666,
    0.6734748010610079,
    0.7611111111111111,
    0.759090909090909,
    0.696594982078853,
    0.6727272727272726,
    0.6269230769230769,
    0.6545454545454544,
    0.7,
    0.7357142857142857,
    0.6545454545454544,
    0.73,
    0.71,
    0.6857142857142856,
    0.725,
    0.6499999999999999,
    0.7,
    0.6755882352941176,
    0.73,
    0.6499999999999999,
    0.6928571428571428,
    0.6727272727272726,
    0.7954545454545454,
    0.7142857142857142,
    0.725,
    0.73,
    0.6459459459459459,
    0.725,
    0.6399999999999999,
    0.7433333333333333,
    0.6399999999999999,
    0.75,
    0.5608045977011494,
    0.75,
    0.73,
    0.7,
    0.709090909090909,
    0.7357142857142857,
    0.7,
    0.75,
    0.6363636363636362,
    0.7269230769230769,
    0.5603508771929825,
    0.6446428571428571,
    0.6944444444444444,
    0.7269230769230769,
    0.6666666666666666,
    0.5127044025157232,
    0.73,
    0.6769230769230768,
    0.490983606557377,
    0.72,
    0.7227272727272727,
    0.6392307692307693,
    0.5069230769230768,
    0.5942857142857143,
    0.75,
    0.7166666666666667,
    0.75,
    0.6505980861244018,
    0.74,
    0.7,
    0.6422857142857142,
    0.6705102040816328,
    0.5669565217391304,
    0.5971929824561404,
    0.6727272727272726,
    0.6400757575757575,
    0.75,
    0.6866837387964148,
    0.725,
    0.6333333333333333,
    0.7058479532163742,
    0.7388888888888888,
    0.72,
    0.7388888888888888,
    0.6799999999999999,
    0.75,
    0.7166666666666666,
    0.6857142857142856,
    0.581875,
    0.6857142857142856,
    0.6499999999999999,
    0.5880234833659491,
    0.7333333333333333,
    0.7166666666666667,
    0.6058064516129033,
    0.7409090909090909,
    0.5999999999999999,
    0.5463157894736842,
    0.4313513513513513,
    0.759090909090909,
    0.75,
    0.709090909090909,
    0.72,
    0.773076923076923,
    0.49944444444444436,
    0.7118279569892472,
    0.7357142857142857,
    0.69,
    0.69,
    0.75,
    0.6285714285714286,
    0.6549999999999999,
    0.6552380952380952,
    0.6444444444444444,
    0.6833333333333333,
    0.6499999999999999,
    0.77,
    0.6888888888888888,
    0.624566210045662,
    0.6599999999999999,
    0.5829090909090908,
    0.7166666666666667,
    0.75,
    0.5999999999999999,
    0.46095238095238095,
    0.6799999999999999,
    0.3936206896551725,
    0.71,
    0.75,
