{
  "file_path": "data\\raw_srts\\SrimadBhagavadGita112913.srt",
  "processing_time": 156.14272117614746,
  "total_segments": 281,
  "segments_modified": 228,
  "corrections_applied": {
    "fixed_capitalization": 210,
    "converted_numbers": 17,
    "removed_filler_words": 27,
    "handled_conversational_nuances": 48,
    "conversational_partial_phrase": 8
  },
  "timestamp_integrity_verified": true,
  "errors_encountered": [],
  "warnings_encountered": [
    "High semantic drift (0.308) in segment",
    "High semantic drift (0.332) in segment",
    "High semantic drift (0.343) in segment",
    "High semantic drift (0.310) in segment",
    "High semantic drift (0.359) in segment",
    "High semantic drift (0.425) in segment",
    "High semantic drift (0.361) in segment",
    "High semantic drift (0.326) in segment",
    "High semantic drift (0.410) in segment",
    "High semantic drift (0.330) in segment",
    "High semantic drift (0.406) in segment",
    "High semantic drift (0.302) in segment",
    "High semantic drift (0.310) in segment",
    "High semantic drift (0.411) in segment",
    "High semantic drift (0.478) in segment",
    "High semantic drift (0.303) in segment"
  ],
  "original_word_count": 3518,
  "processed_word_count": 3291,
  "original_char_count": 19843,
  "processed_char_count": 19205,
  "confidence_scores": [
    0.7,
    0.6399999999999999,
    0.75,
    0.7409090909090909,
    0.7,
    0.6545031055900621,
    0.6768907563025209,
    0.6941176470588235,
    0.7357142857142857,
    0.6750819672131146,
    0.7348571428571428,
    0.5999999999999999,
    0.7833333333333333,
    0.7,
    0.71,
    0.6677248677248677,
    0.6731256085686464,
    0.6694444444444444,
    0.6666666666666666,
    0.7374999999999999,
    0.7166666666666667,
    0.711111111111111,
    0.7033333333333333,
    0.6176470588235293,
    0.718389423076923,
    0.6604166666666667,
    0.7,
    0.73,
    0.6539513677811549,
    0.6766666666666666,
    0.671470588235294,
    0.7205882352941176,
    0.6666666666666666,
    0.7409090909090909,
    0.5787912087912087,
    0.6428571428571428,
    0.6923076923076923,
    0.7558823529411764,
    0.696590909090909,
    0.75,
    0.7439201451905625,
    0.7142857142857142,
    0.5574928774928773,
    0.734,
    0.75,
    0.6538461538461537,
    0.7166666666666667,
    0.5514583333333333,
    0.7999999999999999,
    0.5659677419354838,
    0.6504914004914004,
    0.4370967741935484,
    0.6820998278829603,
    0.6448275862068965,
    0.6842105263157894,
    0.6503201024327784,
    0.6909090909090908,
    0.5419047619047618,
    0.69375,
    0.6955223880597015,
    0.6749999999999999,
    0.7357142857142857,
    0.73,
    0.7833333333333333,
    0.7227272727272727,
    0.5176344086021505,
    0.6190284203569068,
    0.6059865971705137,
    0.671470588235294,
    0.6716666666666666,
    0.5983838383838384,
    0.5397752808988764,
    0.7166666666666667,
    0.7038948393378772,
    0.7,
    0.6944444444444444,
    0.6448979591836733,
    0.4775675675675676,
    0.6503201024327784,
    0.69,
    0.6621890547263681,
    0.6403903903903904,
    0.6342987249544626,
    0.5842987249544626,
    0.7286458333333333,
    0.6749999999999999,
    0.7049813200498131,
    0.6963414634146341,
    0.6461038961038961,
    0.73,
    0.6841666666666666,
    0.73,
    0.6499999999999999,
    0.6844696969696968,
    0.6857142857142856,
    0.39843749999999994,
    0.5512418300653593,
    0.6899625468164793,
    0.6594072164948452,
    0.6799999999999999,
    0.6703225806451613,
    0.6178743961352656,
    0.5244827586206896,
    0.7374999999999999,
    0.6083333333333334,
    0.42121212121212115,
    0.4027807486631016,
    0.7357142857142857,
    0.6515873015873015,
    0.7423076923076923,
    0.6864314789687923,
    0.6270135746606335,
    0.7,
    0.6501976284584979,
    0.6499999999999999,
    0.642403846153846,
    0.6863636363636363,
    0.6414285714285713,
    0.603063063063063,
    0.6767032967032967,
    0.657142857142857,
    0.5747204968944098,
    0.6155882352941175,
    0.668111888111888,
    0.5517597471022128,
    0.5735464535464535,
    0.6558235294117646,
    0.5593103448275861,
    0.6137377690802348,
    0.4716666666666666,
    0.6871590909090908,
    0.6499999999999999,
    0.6933333333333332,
    0.7388888888888888,
    0.657142857142857,
    0.6666666666666666,
    0.5999999999999999,
    0.676938775510204,
    0.44489361702127656,
    0.6666666666666666,
    0.6727272727272726,
    0.7041628959276017,
    0.75,
    0.5192354124748491,
    0.5714285714285714,
    0.5021568627450981,
    0.5228985507246376,
    0.626,
    0.501443298969072,
    0.6441025641025641,
    0.676470588235294,
    0.6094019933554817,
    0.6866837387964148,
    0.7374999999999999,
    0.6933333333333332,
    0.640625,
    0.7,
    0.6285714285714286,
    0.6545454545454544,
    0.6857142857142856,
    0.526771037181996,
    0.7052631578947368,
    0.711111111111111,
    0.6390243902439025,
    0.6923076923076923,
    0.5124786324786325,
    0.7,
    0.6446428571428571,
    0.5514285714285714,
    0.6077207062600322,
    0.5602197802197801,
    0.6777777777777777,
    0.759090909090909,
    0.6688775510204081,
    0.6842032967032966,
    0.4864327485380116,
    0.5465671641791044,
    0.5608510638297872,
    0.5334562211981566,
    0.7499999999999999,
    0.7034669555796316,
    0.6799999999999999,
    0.6476923076923077,
    0.6888888888888888,
    0.4949850149850149,
    0.7033333333333333,
    0.6179968701095461,
    0.6599999999999999,
    0.6708994708994708,
    0.6622549019607843,
    0.6678378378378378,
    0.6750819672131146,
    0.7180232558139533,
    0.6395264116575591,
    0.6938775510204082,
    0.6799999999999999,
    0.7124999999999999,
    0.6438775510204082,
    0.6747474747474747,
    0.6874999999999999,
    0.5151851851851851,
    0.7558823529411764,
    0.5845073375262054,
    0.6814889336016096,
    0.4808695652173913,
    0.7166666666666666,
    0.6510204081632652,
    0.6462499999999999,
    0.6198876404494382,
    0.7555555555555555,
    0.7749999999999999,
    0.7103225806451613,
    0.7531818181818181,
    0.6869617224880382,
    0.75,
    0.7642857142857142,
    0.6599999999999999,
    0.5461538461538461,
    0.6307692307692307,
    0.6462025316455695,
    0.5667479674796747,
    0.43179487179487175,
    0.72,
    0.5886234817813765,
    0.6487460815047021,
    0.69,
    0.69,
    0.5926470588235293,
    0.7875,
    0.47242268041237107,
    0.7558823529411764,
    0.6681818181818181,
    0.6907843137254902,
    0.7576923076923077,
    0.6686732186732186,
    0.6526041666666667,
    0.6402190923317683,
    0.5933333333333332,
    0.69,
    0.6150819672131146,
    0.47880952380952374,
    0.6857638888888887,
    0.6795918367346938,
    0.7833333333333333,
    0.6438775510204081,
    0.40088888888888885,
    0.72,
    0.6619791666666667,
    0.44173913043478263,
    0.5697418244406196,
    0.6807692307692308,
    0.646774193548387,
    0.5626086956521739,
    0.7642857142857142,
    0.657740993184031,
    0.6593421052631577,
    0.5560914760914759,
    0.7339839265212399,
    0.7269230769230769,
    0.6210526315789473,
    0.5999999999999999,
    0.6388367729831144,
    0.7388888888888888,
    0.7071428571428571,
    0.6833333333333333,
    0.5892857142857143,
    0.4723529411764706,
    0.7163855421686747,
    0.6208333333333333,
    0.4885714285714286,
    0.6249999999999999,
    0.676590909090909,
    0.6729230769230768,
    0.5295238095238095,
    0.5287272727272726,
    0.5333466533466532,
    0.6833333333333332,
    0.7025856496444731,
    0.75,
    0.4670588235294117,
    0.6680397727272727
  ],