{
  "file_path": "data\\raw_srts\\Sunday103011SBS35.srt",
  "processing_time": 62.088334798812866,
  "total_segments": 381,
  "segments_modified": 149,
  "corrections_applied": {
    "standardized_punctuation": 3,
    "fixed_capitalization": 170,
    "handled_conversational_nuances": 49,
    "removed_repetitions": 1,
    "removed_filler_words": 30,
    "conversational_partial_phrase": 4,
    "converted_numbers": 17,
    "conversational_rescinded": 6,
    "sanskrit_hindi_direct_replacement": 10
  },
  "timestamp_integrity_verified": true,
  "errors_encountered": [],
  "warnings_encountered": [
    "High semantic drift (0.371) in segment",
    "High semantic drift (0.317) in segment",
    "High semantic drift (0.314) in segment",
    "High semantic drift (0.302) in segment",
    "High semantic drift (0.315) in segment",
    "High semantic drift (0.313) in segment"
  ],
  "original_word_count": 3724,
  "processed_word_count": 3579,
  "original_char_count": 20603,
  "processed_char_count": 20021,
  "confidence_scores": [
    0.6785714285714286,
    0.55,
    0.7388888888888888,
    0.7,
    0.77,
    0.6750819672131146,
    0.5999999999999999,
    0.7409090909090909,
    0.7166666666666667,
    0.6666666666666666,
    0.49085271317829454,
    0.6225714285714286,
    0.7409090909090909,
    0.6923076923076923,
    0.5175,
    0.75,
    0.5411538461538461,
    0.75,
    0.7357142857142857,
    0.42749999999999994,
    0.6909090909090908,
    0.711111111111111,
    0.704403409090909,
    0.6666666666666666,
    0.6057843137254902,
    0.7142857142857142,
    0.7676470588235293,
    0.33571428571428574,
    0.7,
    0.6438095238095237,
    0.6429824561403509,
    0.3863736263736264,
    0.75,
    0.7,
    0.7,
    0.5934146341463414,
    0.7642857142857142,
    0.6944444444444444,
    0.712121212121212,
    0.5395402298850575,
    0.73,
    0.659090909090909,
    0.5241666666666667,
    0.7166666666666667,
    0.5107692307692306,
    0.7249999999999999,
    0.7642857142857142,
    0.657142857142857,
    0.5126530612244897,
    0.5754367201426025,
    0.7772727272727272,
    0.7269230769230769,
    0.47523809523809524,
    0.6599999999999999,
    0.69,
    0.5896428571428571,
    0.6857142857142856,
    0.6785714285714286,
    0.7611111111111111,
    0.7142857142857142,
    0.7166666666666666,
    0.7166666666666667,
    0.6714285714285714,
    0.7058823529411764,
    0.7333333333333333,
    0.7,
    0.4271936758893281,
    0.7033333333333334,
    0.7,
    0.7409090909090909,
    0.6110126582278481,
    0.6285714285714286,
    0.588743169398907,
    0.6749999999999999,
    0.7,
    0.6444444444444444,
    0.7576923076923077,
    0.7166666666666667,
    0.5496969696969696,
    0.5941525423728814,
    0.6499999999999999,
    0.7166666666666667,
    0.6888888888888888,
    0.5936363636363636,
    0.6746031746031745,
    0.7833333333333333,
    0.6442307692307692,
    0.71,
    0.7166666666666667,
    0.40800741427247456,
    0.6075,
    0.6857142857142856,
    0.6316161616161616,
    0.7071428571428571,
    0.75,
    0.75,
    0.7269230769230769,
    0.7166666666666667,
    0.7,
    0.4357142857142856,
    0.7587837837837836,
    0.3847863247863248,
    0.7928571428571428,
    0.6666666666666666,
    0.7340336134453781,
    0.7374999999999999,
    0.5702941176470588,
    0.7833333333333333,
    0.6390909090909092,
    0.7611111111111111,
    0.725,
    0.6785714285714286,
    0.6923076923076923,
    0.7045454545454545,
    0.75,
    0.6666666666666666,
    0.77,
    0.6501948051948052,
    0.77,
    0.7357142857142857,
    0.6666666666666666,
    0.7,
    0.6888888888888888,
    0.6727272727272726,
    0.7115384615384615,
    0.72,
    0.6894594594594594,
    0.7433333333333333,
    0.759090909090909,
    0.7166666666666667,
    0.7166666666666667,
    0.6689999999999999,
    0.77,
    0.7,
    0.7772727272727272,
    0.6285714285714286,
    0.6499999999999999,
    0.6666666666666666,
    0.6235736677115987,
    0.550473751600512,
    0.7666666666666666,
    0.4814285714285714,
    0.7,
    0.674915254237288,
    0.5145013477088948,
    0.5804504504504504,
    0.5876354679802955,
    0.7166666666666667,
    0.6216005121638924,
    0.5999999999999999,
    0.8071428571428572,
    0.7166666666666667,
    0.7166666666666667,
    0.7357142857142857,
    0.6857142857142856,
    0.7642857142857142,
    0.75,
    0.7166666666666667,
    0.6399999999999999,
    0.7666666666666666,
    0.75,
    0.759090909090909,
    0.77,
    0.5632288401253918,
    0.7227272727272727,
    0.7071428571428571,
    0.6333333333333333,
    0.73,
    0.7388888888888888,
    0.7333333333333333,
    0.6928571428571428,
    0.7,
    0.75,
    0.7388888888888888,
    0.5253222453222453,
    0.7,
    0.6955882352941176,
    0.6467032967032966,
    0.6666666666666666,
    0.7642857142857142,
    0.7166666666666666,
    0.6833333333333333,
    0.6909090909090908,
    0.6153846153846153,
    0.7166666666666667,
    0.6722222222222222,
    0.7611111111111111,
    0.73,
    0.5831818181818181,
    0.7409090909090909,
    0.7388888888888888,
    0.7333333333333333,
    0.5432867132867132,
    0.7333333333333333,
    0.6294594594594595,
    0.6111711711711711,
    0.709090909090909,
    0.7,
    0.6944444444444444,
    0.6792114695340501,
    0.5423076923076922,
    0.7227272727272727,
    0.6799999999999999,
    0.7,
    0.7227272727272727,
    0.7357142857142857,
    0.6499999999999999,
    0.73,
    0.7357142857142857,
    0.6359999999999999,
    0.6749999999999999,
    0.5304201680672268,
    0.7749999999999999,
    0.5672527472527472,
    0.6599999999999999,
    0.75,
    0.6667293233082707,
    0.6809065934065933,
    0.5999999999999999,
    0.7166666666666667,
    0.7428571428571428,
    0.7642857142857142,
    0.5907272727272727,
    0.6666666666666666,
    0.6888888888888888,
    0.49644444444444435,
    0.7166666666666667,
    0.6771171171171171,
    0.6666666666666666,
    0.5519047619047618,
    0.7152380952380952,
    0.644736842105263,
    0.85,
    0.6678885630498532,
    0.6499999999999999,
    0.6569230769230768,
    0.6003030303030303,
    0.5562626262626262,
    0.7071428571428571,
    0.5433918128654971,
    0.7243460764587525,
    0.5928787878787878,
    0.7024291497975708,
    0.6918918918918918,
    0.7928571428571428,
    0.502758620689655,
    0.6499999999999999,
    0.7357142857142857,
    0.7374999999999999,
    0.7124999999999999,
    0.71,
    0.75,
    0.7124999999999999,
    0.7166666666666667,
    0.5708045977011494,
    0.6628571428571428,
    0.6858243451463789,
    0.6799999999999999,
    0.73,
    0.73,
    0.7,
    0.7333333333333333,
    0.6228340080971659,
    0.5199999999999999,
    0.6558333333333333,
    0.725,
    0.6038461538461539,
    0.7611111111111111,
    0.7666666666666666,
    0.7071428571428571,
    0.6961538461538461,
    0.6785714285714286,
    0.507136752136752,
    0.6799999999999999,
    0.7166666666666667,
    0.5439285714285713,
    0.5604988662131518,
    0.5622727272727273,
    0.6384444444444444,
    0.7357142857142857,
    0.7423076923076923,
    0.75,
    0.7357142857142857,
    0.7,
    0.6399999999999999,
    0.6666666666666666,
    0.6399999999999999,
    0.6757142857142856,
    0.6076737967914438,
    0.69,
    0.6875457875457875,
    0.6854545454545453,
    0.6499999999999999,
    0.75,
    0.7166666666666667,
    0.6028282828282828,
    0.7,
    0.7166666666666667,
    0.72,
    0.6528092243186583,
    0.7833333333333333,
    0.5899999999999999,
    0.6499999999999999,
    0.77,
    0.7115384615384615,
    0.6749999999999999,
    0.7642857142857142,
    0.711111111111111,
    0.7333333333333333,
    0.6420720720720721,
    0.6499999999999999,
    0.7409090909090909,
    0.6857142857142856,
    0.6788557213930347,
    0.6909090909090908,
    0.6909090909090908,
    0.6615384615384614,
    0.7142857142857142,
    0.7423076923076923,
    0.7333333333333333,
    0.7166666666666666,
    0.45999999999999996,
    0.725,
    0.75,
