{
  "file_path": "data\\processed_srts\\Sunday103011SBS35_QA_CORRECTED.srt",
  "processing_time": 63.25115513801575,
  "total_segments": 381,
  "segments_modified": 164,
  "corrections_applied": {
    "fixed_capitalization": 48,
    "converted_numbers": 9,
    "sanskrit_hindi_direct_replacement": 10
  },
  "timestamp_integrity_verified": true,
  "errors_encountered": [],
  "warnings_encountered": [
    "High semantic drift (0.721) in segment"
  ],
  "original_word_count": 3628,
  "processed_word_count": 3579,
  "original_char_count": 20089,
  "processed_char_count": 20019,
  "confidence_scores": [
    0.6785714285714286,
    0.5785714285714284,
    0.7388888888888888,
    0.75,
    0.77,
    0.6750819672131146,
    0.6499999999999999,
    0.7409090909090909,
    0.7166666666666667,
    0.7166666666666667,
    0.7166666666666667,
    0.6225714285714286,
    0.7409090909090909,
    0.7423076923076923,
    0.7,
    0.75,
    0.7,
    0.75,
    0.7357142857142857,
    0.6499999999999999,
    0.7409090909090909,
    0.7611111111111111,
    0.704403409090909,
    0.7166666666666667,
    0.7166666666666667,
    0.7642857142857142,
    0.7676470588235293,
    0.7357142857142857,
    0.75,
    0.6438095238095237,
    0.6429824561403509,
    0.7071428571428571,
    0.75,
    0.75,
    0.7,
    0.75,
    0.7642857142857142,
    0.6944444444444444,
    0.712121212121212,
    0.7833333333333333,
    0.73,
    0.659090909090909,
    0.6626666666666666,
    0.7166666666666667,
    0.6459459459459459,
    0.7749999999999999,
    0.7642857142857142,
    0.7071428571428571,
    0.75,
    0.7205882352941176,
    0.7772727272727272,
    0.7269230769230769,
    0.7166666666666667,
    0.71,
    0.69,
    0.7071428571428571,
    0.7357142857142857,
    0.6785714285714286,
    0.7611111111111111,
    0.7642857142857142,
    0.7666666666666666,
    0.7166666666666667,
    0.7214285714285714,
    0.7558823529411764,
    0.7333333333333333,
    0.7,
    0.7954545454545454,
    0.7033333333333334,
    0.75,
    0.7409090909090909,
    0.75,
    0.6785714285714286,
    0.7333333333333333,
    0.725,
    0.75,
    0.6444444444444444,
    0.7576923076923077,
    0.7166666666666667,
    0.6863636363636363,
    0.725,
    0.7,
    0.7166666666666667,
    0.7388888888888888,
    0.73,
    0.6746031746031745,
    0.7833333333333333,
    0.7,
    0.71,
    0.7166666666666667,
    0.7269230769230769,
    0.7180232558139533,
    0.7357142857142857,
    0.7388888888888888,
    0.7071428571428571,
    0.75,
    0.75,
    0.7269230769230769,
    0.7166666666666667,
    0.75,
    0.7,
    0.7587837837837836,
    0.7405555555555555,
    0.7928571428571428,
    0.7166666666666667,
    0.7340336134453781,
    0.7374999999999999,
    0.7749999999999999,
    0.7833333333333333,
    0.75,
    0.7611111111111111,
    0.725,
    0.6785714285714286,
    0.7423076923076923,
    0.7045454545454545,
    0.75,
    0.7166666666666667,
    0.77,
    0.7642857142857142,
    0.77,
    0.7357142857142857,
    0.7166666666666667,
    0.7,
    0.7388888888888888,
    0.7227272727272727,
    0.7115384615384615,
    0.77,
    0.85,
    0.7433333333333333,
    0.759090909090909,
    0.7166666666666667,
    0.7166666666666667,
    0.6689999999999999,
    0.77,
    0.75,
    0.7772727272727272,
    0.6785714285714286,
    0.7,
    0.7166666666666667,
    0.759090909090909,
    0.7227272727272727,
    0.7666666666666666,
    0.73,
    0.75,
    0.674915254237288,
    0.7071428571428571,
    0.7166666666666667,
    0.7214285714285714,
    0.7166666666666667,
    0.7227272727272727,
    0.6499999999999999,
    0.8071428571428572,
    0.7166666666666667,
    0.7166666666666667,
    0.7357142857142857,
    0.7357142857142857,
    0.7642857142857142,
    0.75,
    0.7166666666666667,
    0.69,
    0.7666666666666666,
    0.75,
    0.759090909090909,
    0.77,
    0.759090909090909,
    0.7227272727272727,
    0.7071428571428571,
    0.6833333333333333,
    0.73,
    0.7388888888888888,
    0.7833333333333333,
    0.75,
    0.75,
    0.75,
    0.7388888888888888,
    0.7115384615384615,
    0.75,
    0.75,
    0.6467032967032966,
    0.7166666666666667,
    0.7642857142857142,
    0.7166666666666666,
    0.6833333333333333,
    0.7409090909090909,
    0.6653846153846154,
    0.7166666666666667,
    0.6722222222222222,
    0.7611111111111111,
    0.73,
    0.7192307692307691,
    0.7409090909090909,
    0.7388888888888888,
    0.7833333333333333,
    0.673393665158371,
    0.7833333333333333,
    0.75,
    0.7433333333333333,
    0.759090909090909,
    0.7,
    0.6944444444444444,
    0.6792114695340501,
    0.7423076923076923,
    0.7227272727272727,
    0.73,
    0.75,
    0.7227272727272727,
    0.7357142857142857,
    0.7,
    0.73,
    0.7357142857142857,
    0.69,
    0.6749999999999999,
    0.6791925465838509,
    0.7749999999999999,
    0.7357142857142857,
    0.71,
    0.75,
    0.6667293233082707,
    0.6809065934065933,
    0.6499999999999999,
    0.7166666666666667,
    0.7928571428571428,
    0.7642857142857142,
    0.7227272727272727,
    0.7166666666666667,
    0.7388888888888888,
    0.6400966183574879,
    0.7166666666666667,
    0.7433333333333333,
    0.7166666666666667,
    0.7433333333333333,
    0.7152380952380952,
    0.644736842105263,
    0.85,
    0.6678885630498532,
    0.6499999999999999,
    0.7999999999999999,
    0.6610062893081761,
    0.6944444444444444,
    0.7071428571428571,
    0.6944444444444444,
    0.7243460764587525,
    0.6861904761904761,
    0.7024291497975708,
    0.6918918918918918,
    0.7928571428571428,
    0.6363855421686746,
    0.6499999999999999,
    0.7357142857142857,
    0.7374999999999999,
    0.7124999999999999,
    0.71,
    0.75,
    0.7124999999999999,
    0.7166666666666667,
    0.7166666666666667,
    0.7666666666666666,
    0.6858243451463789,
    0.73,
    0.73,
    0.73,
    0.75,
    0.7333333333333333,
    0.7423076923076923,
    0.73,
    0.6558333333333333,
    0.725,
    0.73,
    0.7611111111111111,
    0.7666666666666666,
    0.7071428571428571,
    0.6961538461538461,
    0.6785714285714286,
    0.6944444444444444,
    0.73,
    0.7166666666666667,
    0.73,
    0.7611111111111111,
    0.6689999999999999,
    0.6384444444444444,
    0.7357142857142857,
    0.7423076923076923,
    0.75,
    0.7357142857142857,
    0.75,
    0.69,
    0.7166666666666667,
    0.69,
    0.6757142857142856,
    0.7409090909090909,
    0.69,
    0.6875457875457875,
    0.7409090909090909,
    0.7,
    0.75,
    0.7166666666666667,
    0.7229870129870128,
    0.75,
    0.7166666666666667,
    0.72,
    0.7611111111111111,
    0.7833333333333333,
    0.7424999999999999,
    0.6499999999999999,
    0.77,
    0.7115384615384615,
    0.725,
    0.7642857142857142,
    0.7611111111111111,
    0.7333333333333333,
    0.7666666666666666,
    0.6499999999999999,
    0.7409090909090909,
    0.7357142857142857,
    0.6788557213930347,
    0.7409090909090909,
    0.7409090909090909,
    0.7115384615384615,
    0.7642857142857142,
    0.7423076923076923,
    0.7833333333333333,
    0.7666666666666666,
    0.73,
    0.725,
    0.75,
    0.725,
    0.7423076923076923,
    0.77,
    0.7409090909090909,
    0.7071428571428571,
    0.6967391304347825,
    0.7,
    0.75,
    0.725,
    0.6875,
    0.75,
    0.7,
    0.8055555555555556,
    0.7642857142857142,
    0.6623188405797101,
    0.7388888888888888,
    0.7409090909090909,
    0.7833333333333333,
    0.7611111111111111,
    0.75,
    0.7095982142857142,
    0.73,
    0.7185993111366245,
    0.7227272727272727,
    0.7,
    0.6599999999999999,
    0.73,
    0.71,
