{
  "file_path": "data\\raw_srts\\Whisperx lg v2.srt",
  "processing_time": 154.56418800354004,
  "total_segments": 495,
  "segments_modified": 305,
  "corrections_applied": {
    "fixed_capitalization": 278,
    "converted_numbers": 28,
    "conversational_partial_phrase": 2,
    "handled_conversational_nuances": 42,
    "removed_filler_words": 23,
    "conversational_rescinded": 8,
    "sanskrit_hindi_direct_replacement": 8
  },
  "timestamp_integrity_verified": true,
  "errors_encountered": [],
  "warnings_encountered": [
    "High semantic drift (0.437) in segment",
    "High semantic drift (1.000) in segment",
    "High semantic drift (0.383) in segment",
    "High semantic drift (0.425) in segment",
    "High semantic drift (0.305) in segment",
    "High semantic drift (0.357) in segment",
    "High semantic drift (0.367) in segment",
    "High semantic drift (0.369) in segment",
    "High semantic drift (1.000) in segment",
    "High semantic drift (0.698) in segment",
    "High semantic drift (0.387) in segment",
    "High semantic drift (0.497) in segment",
    "High semantic drift (0.309) in segment",
    "High semantic drift (0.377) in segment",
    "High semantic drift (0.309) in segment",
    "High semantic drift (0.312) in segment",
    "High semantic drift (0.394) in segment",
    "High semantic drift (0.471) in segment",
    "High semantic drift (0.391) in segment",
    "High semantic drift (0.344) in segment",
    "High semantic drift (0.338) in segment"
  ],
  "original_word_count": 4153,
  "processed_word_count": 3931,
  "original_char_count": 23000,
  "processed_char_count": 22131,
  "confidence_scores": [
    0.7999999999999999,
    0.6181818181818182,
    0.6796381784154709,
    0.6499999999999999,
    0.6499999999999999,
    0.7,
    0.71,
    0.725,
    0.6499999999999999,
    0.85,
    0.29684210526315796,
    0.5999999999999999,
    0.7166666666666667,
    0.7,
    0.6499999999999999,
    0.7,
    0.6499999999999999,
    0.7142857142857142,
    0.7,
    0.7166666666666667,
    0.6666666666666666,
    0.6857142857142856,
    0.6499999999999999,
    0.5999999999999999,
    0.75,
    0.7166666666666667,
    0.73,
    0.5999999999999999,
    0.85,
    0.6499999999999999,
    0.5999999999999999,
    0.6285714285714286,
    0.6499999999999999,
    0.5999999999999999,
    0.7999999999999999,
    0.662051282051282,
    0.6785714285714286,
    0.7833333333333333,
    0.6485714285714286,
    0.7,
    0.6399999999999999,
    0.7227272727272727,
    0.6857142857142856,
    0.85,
    0.7336038961038961,
    0.5776923076923076,
    0.7,
    0.85,
    0.5999999999999999,
    0.5999999999999999,
    0.7269230769230769,
    0.6666666666666666,
    0.7,
    0.7333333333333333,
    0.7611111111111111,
    0.7,
    0.75,
    0.7999999999999999,
    0.6888888888888888,
    0.6499999999999999,
    0.5999999999999999,
    0.5901754385964912,
    0.5999999999999999,
    0.6499999999999999,
    0.7142857142857142,
    0.6799999999999999,
    0.77,
    0.7333333333333333,
    0.6903225806451613,
    0.7,
    0.6611538461538461,
    0.72,
    0.6749999999999999,
    0.6499999999999999,
    0.6857142857142856,
    0.69,
    0.7,
    0.7166666666666667,
    0.5999999999999999,
    0.6499999999999999,
    0.75,
    0.77,
    0.7269230769230769,
    0.5038095238095238,
    0.6909090909090909,
    0.7428571428571428,
    0.6499999999999999,
    0.7357142857142857,
    0.7,
    0.7388888888888888,
    0.7,
    0.6666666666666666,
    0.7166666666666667,
    0.6842105263157894,
    0.773076923076923,
    0.5930268199233716,
    0.6666666666666666,
    0.7749999999999999,
    0.7333333333333333,
    0.2351602469861805,
    0.73,
    0.6831280788177339,
    0.85,
    0.7999999999999999,
    0.6499999999999999,
    0.6844072164948453,
    0.5968436578171092,
    0.6471153846153845,
    0.53,
    0.5999999999999999,
    0.6799999999999999,
    0.6499999999999999,
    0.6762962962962963,
    0.725,
    0.7599999999999999,
    0.6098076923076923,
    0.73,
    0.709090909090909,
    0.7999999999999999,
    0.74,
    0.5999999999999999,
    0.7999999999999999,
    0.7428571428571428,
    0.657142857142857,
    0.7599999999999999,
    0.69,
    0.644736842105263,
    0.75,
    0.711111111111111,
    0.7357142857142857,
    0.8099999999999999,
    0.7999999999999999,
    0.650892857142857,
    0.7323529411764705,
    0.6399999999999999,
    0.75,
    0.72,
    0.5408695652173913,
    0.6857142857142856,
    0.4934146341463415,
    0.7333333333333333,
    0.7999999999999999,
    0.7166666666666667,
    0.75,
    0.7,
    0.6499999999999999,
    0.5999999999999999,
    0.69,
    0.6399999999999999,
    0.6993103448275861,
    0.7166666666666667,
    0.6857142857142856,
    0.7611111111111111,
    0.7342105263157894,
    0.7,
    0.6666666666666666,
    0.7333333333333333,
    0.7,
    0.5315902964959568,
    0.6325063613231552,
    0.657142857142857,
    0.7599999999999999,
    0.7,
    0.6666666666666666,
    0.6833333333333332,
    0.57,
    0.6909090909090908,
    0.85,
    0.5657364341085271,
    0.7,
    0.6625570776255707,
    0.7428571428571428,
    0.6499999999999999,
    0.6699999999999999,
    0.7166666666666667,
    0.7166666666666667,
    0.6083333333333334,
    0.6499999999999999,
    0.5999999999999999,
    0.619642857142857,
    0.75,
    0.709090909090909,
    0.610909090909091,
    0.7,
    0.7,
    0.6499999999999999,
    0.6689999999999999,
    0.6666666666666666,
    0.75,
    0.7,
    0.6414285714285713,
    0.6166666666666667,
    0.6232620320855615,
    0.44432989690721647,
    0.6666666666666666,
    0.6768888888888888,
    0.6945454545454545,
    0.49590909090909085,
    0.611111111111111,
    0.7875,
    0.7499999999999999,
    0.75,
    0.7357142857142857,
    0.6947368421052631,
    0.5552682100508187,
    0.6583333333333333,
    0.7166666666666667,
    0.7,
    0.7388888888888888,
    0.77,
    0.7333333333333333,
    0.7611111111111111,
    0.6727272727272726,
    0.7,
    0.6499999999999999,
    0.72,
    0.5999999999999999,
    0.6785714285714286,
    0.6666666666666666,
    0.75,
    0.5999999999999999,
    0.7166666666666667,
    0.6499999999999999,
    0.5535177865612647,
    0.6499999999999999,
    0.6077551020408163,
    0.74,
    0.5151916376306619,
    0.7,
    0.6249999999999999,
    0.6666666666666666,
    0.5926829268292682,
    0.5615934065934065,
    0.75,
    0.6499999999999999,
    0.75,
    0.6785714285714286,
    0.7026315789473684,
    0.75,
    0.6666666666666666,
    0.657142857142857,
    0.6499999999999999,
    0.85,
    0.7249999999999999,
    0.6785714285714286,
    0.7333333333333333,
    0.7,
    0.6376377952755905,
    0.5196960486322187,
    0.7119791666666666,
    0.43263157894736837,
    0.6549999999999999,
    0.44081081081081075,
    0.6499999999999999,
    0.6614624505928853,
    0.69,
    0.4060317460317461,
    0.7,
    0.78,
    0.7833333333333333,
    0.6692156862745097,
    0.7642857142857142,
    0.5999999999999999,
    0.5046031746031745,
    0.77,
    0.6482608695652174,
    0.7071428571428571,
    0.592156862745098,
    0.5530985915492957,
    0.6499999999999999,
    0.444516129032258,
    0.7166666666666667,
    0.7642857142857142,
    0.7599999999999999,
    0.7,
    0.7,
    0.6105882352941175,
    0.6144444444444443,
    0.7552631578947369,
    0.53,
    0.73,
    0.6749999999999999,
    0.6499999999999999,
    0.7833333333333333,
    0.6677489177489178,
    0.8055555555555556,
    0.6666666666666666,
    0.7642857142857142,
    0.6727272727272726,
    0.7,
    0.6761904761904761,
    0.5792424242424242,
    0.5442857142857143,
    0.7166666666666667,
    0.7357142857142857,
    0.6789727126805778,
    0.6749999999999999,
    0.77,
    0.6499999999999999,
    0.7388888888888888,
    0.6530357142857143,
    0.7,
    0.5988888888888888,
    0.5999999999999999,
    0.6498257839721253,
    0.7,
    0.7,
    0.7,
    0.7833333333333333,
    0.6666666666666666,
    0.5794812164579606,
