{
  "file_path": "data\\raw_srts\\YV_2018-67_082218.srt",
  "processing_time": 205.24374842643738,
  "total_segments": 348,
  "segments_modified": 279,
  "corrections_applied": {
    "conversational_partial_phrase": 12,
    "handled_conversational_nuances": 54,
    "removed_repetitions": 2,
    "fixed_capitalization": 263,
    "converted_numbers": 26,
    "removed_filler_words": 26,
    "sanskrit_hindi_direct_replacement": 16
  },
  "timestamp_integrity_verified": true,
  "errors_encountered": [],
  "warnings_encountered": [
    "High semantic drift (0.356) in segment",
    "High semantic drift (0.467) in segment",
    "High semantic drift (0.360) in segment",
    "High semantic drift (0.373) in segment",
    "High semantic drift (0.360) in segment",
    "High semantic drift (0.375) in segment",
    "High semantic drift (0.332) in segment",
    "High semantic drift (0.328) in segment",
    "High semantic drift (0.343) in segment",
    "High semantic drift (0.303) in segment",
    "High semantic drift (0.333) in segment",
    "High semantic drift (0.330) in segment",
    "High semantic drift (0.309) in segment",
    "High semantic drift (0.335) in segment",
    "High semantic drift (0.427) in segment",
    "High semantic drift (0.494) in segment",
    "High semantic drift (0.316) in segment",
    "High semantic drift (0.368) in segment",
    "High semantic drift (0.341) in segment",
    "High semantic drift (0.306) in segment",
    "High semantic drift (0.336) in segment",
    "High semantic drift (0.341) in segment"
  ],
  "original_word_count": 4680,
  "processed_word_count": 4318,
  "original_char_count": 26376,
  "processed_char_count": 25543,
  "confidence_scores": [
    0.75,
    0.69,
    0.4414754098360656,
    0.7071428571428571,
    0.6499999999999999,
    0.6499999999999999,
    0.6277777777777778,
    0.7576923076923077,
    0.6294520547945206,
    0.6575373993095511,
    0.7357142857142857,
    0.47794326241134744,
    0.759090909090909,
    0.6621098626716605,
    0.7066666666666666,
    0.4629166666666666,
    0.5575438596491227,
    0.6735483870967741,
    0.7076923076923076,
    0.49964285714285706,
    0.77,
    0.6951612903225806,
    0.687147766323024,
    0.6791925465838509,
    0.6582417582417581,
    0.6857638888888887,
    0.42153846153846153,
    0.4789655172413793,
    0.6502083333333333,
    0.6791950464396284,
    0.6472527472527472,
    0.657142857142857,
    0.6502721088435374,
    0.6799999999999999,
    0.4569230769230769,
    0.6727272727272726,
    0.7090517241379309,
    0.5675177304964539,
    0.6630952380952381,
    0.6736842105263158,
    0.49826923076923063,
    0.7,
    0.6564393939393939,
    0.6764285714285714,
    0.6462499999999999,
    0.5176748251748252,
    0.6902083333333332,
    0.6941176470588235,
    0.5220579420579421,
    0.5333333333333332,
    0.7160997732426303,
    0.5493103448275861,
    0.575748987854251,
    0.6733516483516483,
    0.6392857142857142,
    0.85,
    0.7037337662337662,
    0.6962025316455696,
    0.7020716685330347,
    0.6641114982578397,
    0.6689772727272726,
    0.7666666666666666,
    0.6398290598290598,
    0.6285714285714286,
    0.7441176470588236,
    0.7433333333333333,
    0.47375,
    0.7409090909090909,
    0.691304347826087,
    0.5962025316455695,
    0.559861111111111,
    0.6790562378797672,
    0.6963414634146341,
    0.729718875502008,
    0.5188316151202749,
    0.75,
    0.5494696969696969,
    0.6666666666666666,
    0.5316233766233766,
    0.7047953216374269,
    0.5777248104008668,
    0.6962499999999999,
    0.415299539170507,
    0.7213855421686746,
    0.6147840531561461,
    0.6731256085686464,
    0.6860576923076923,
    0.6824175824175823,
    0.6163903743315507,
    0.6606060606060605,
    0.6396825396825396,
    0.6415492957746478,
    0.6941176470588235,
    0.6718421052631578,
    0.5673157894736841,
    0.7092677345537757,
    0.6622549019607843,
    0.5901010101010101,
    0.7027895694360218,
    0.7374999999999999,
    0.6718749999999999,
    0.702621483375959,
    0.6784153005464479,
    0.73,
    0.6879951980792317,
    0.6399999999999999,
    0.6892773892773892,
    0.5959848484848485,
    0.6128571428571428,
    0.6499999999999999,
    0.5404395604395604,
    0.5630075187969925,
    0.6338903743315507,
    0.6278225806451613,
    0.5545762711864406,
    0.6727272727272726,
    0.6054098360655737,
    0.7388888888888888,
    0.4686363636363635,
    0.7428571428571428,
    0.6636054421768707,
    0.73,
    0.6399999999999999,
    0.6122267206477732,
    0.7,
    0.6799999999999999,
    0.7,
    0.7454545454545454,
    0.7227272727272727,
    0.6426654740608229,
    0.611038961038961,
    0.6286554621848739,
    0.6798039215686273,
    0.5782278481012658,
    0.6963855421686747,
    0.6900724637681158,
    0.6621890547263681,
    0.6649769585253456,
    0.40135338345864663,
    0.6015384615384616,
    0.6199999999999999,
    0.7357142857142857,
    0.625993031358885,
    0.6952380952380952,
    0.6793333333333332,
    0.6038461538461539,
    0.7576923076923077,
    0.6424953095684802,
    0.7342105263157894,
    0.7676470588235293,
    0.72,
    0.7357142857142857,
    0.6826530612244897,
    0.6777777777777777,
    0.6909090909090908,
    0.6578347578347578,
    0.6631372549019607,
    0.6839285714285713,
    0.6845297029702969,
    0.6714285714285714,
    0.6912885662431941,
    0.6252941176470589,
    0.7058823529411764,
    0.7018923713778829,
    0.7168749999999999,
    0.75,
    0.5623401950162513,
    0.7066666666666666,
    0.646629213483146,
    0.5438392857142856,
    0.7207792207792206,
    0.6888888888888889,
    0.5619964349376113,
    0.6718749999999999,
    0.6911764705882353,
    0.7642857142857142,
    0.6749999999999999,
    0.77,
    0.6891162029459902,
    0.6731730769230768,
    0.5523809523809523,
    0.5080357142857141,
    0.75,
    0.6081818181818182,
    0.6816046966731897,
    0.6857142857142856,
    0.7160526315789474,
    0.7333333333333333,
    0.6703296703296703,
    0.6923076923076923,
    0.77,
    0.474927536231884,
    0.7642857142857142,
    0.6575384615384614,
    0.75,
    0.7071428571428571,
    0.6382591093117408,
    0.6961038961038961,
    0.6425393883225208,
    0.6182758620689656,
    0.6271178188899708,
    0.5851162790697675,
    0.6066666666666667,
    0.45847953216374265,
    0.6179968701095461,
    0.6416666666666667,
    0.5604761904761905,
    0.7357142857142857,
    0.6749999999999999,
    0.6799999999999999,
    0.6863636363636363,
    0.63875,
    0.6636363636363636,
    0.6681818181818181,
    0.5197003745318352,
    0.6763414634146341,
    0.6695454545454544,
    0.6749999999999999,
    0.6149612403100775,
    0.37999999999999995,
    0.6557746478873239,
    0.6891497975708502,
    0.4763636363636364,
    0.68984496124031,
    0.6735483870967741,
    0.6887362637362637,
    0.6930232558139534,
    0.682010582010582,
    0.6514285714285714,
    0.5882724252491693,
    0.6632575757575757,
    0.6464285714285714,
    0.703744939271255,
    0.6057575757575757,
    0.6404970760233918,
    0.7433333333333333,
    0.6862937062937062,
    0.5566826923076922,
    0.654017857142857,
    0.5188235294117647,
    0.6615384615384614,
    0.5061640798226164,
    0.6564102564102564,
    0.725,
    0.6219409282700422,
    0.6499999999999999,
    0.7166666666666667,
    0.6353846153846153,
    0.6361904761904761,
    0.73,
    0.6557142857142856,
    0.725,
    0.75,
    0.7071428571428571,
    0.5372727272727272,
    0.7303030303030302,
    0.6974829931972788,
    0.6814393939393938,
    0.6632958801498127,
    0.6683794466403161,
    0.657142857142857,
    0.7071428571428571,
    0.725,
    0.596,
    0.5014285714285713,
    0.6679802955665024,
    0.6763529411764705,
    0.6791614518147684,
    0.7071428571428571,
    0.7884615384615384,
    0.5270806302131603,
    0.6682496607869741,
    0.72,
    0.6881410256410256,
    0.5438528138528138,
    0.5599999999999999,
    0.6933333333333332,
