{
  "file_path": "data\\raw_srts\\YV_2018-64_081418.srt",
  "processing_time": 214.36581778526306,
  "total_segments": 359,
  "segments_modified": 302,
  "corrections_applied": {
    "conversational_partial_phrase": 24,
    "handled_conversational_nuances": 59,
    "removed_repetitions": 3,
    "fixed_capitalization": 280,
    "converted_numbers": 23,
    "removed_filler_words": 32,
    "standardized_punctuation": 1,
    "legacy_lexicon_correction": 2,
    "sanskrit_hindi_direct_replacement": 2,
    "conversational_filler_context": 2
  },
  "timestamp_integrity_verified": true,
  "errors_encountered": [],
  "warnings_encountered": [
    "High semantic drift (0.334) in segment",
    "High semantic drift (0.407) in segment",
    "High semantic drift (0.311) in segment",
    "High semantic drift (0.363) in segment",
    "High semantic drift (0.436) in segment",
    "High semantic drift (0.375) in segment",
    "High semantic drift (0.308) in segment",
    "High semantic drift (0.341) in segment",
    "High semantic drift (0.415) in segment",
    "High semantic drift (0.303) in segment",
    "High semantic drift (0.319) in segment",
    "High semantic drift (0.389) in segment",
    "High semantic drift (0.311) in segment",
    "High semantic drift (0.420) in segment",
    "High semantic drift (0.308) in segment",
    "High semantic drift (0.304) in segment"
  ],
  "original_word_count": 4509,
  "processed_word_count": 4203,
  "original_char_count": 25665,
  "processed_char_count": 24838,
  "confidence_scores": [
    0.7,
    0.75,
    0.40894366197183096,
    0.5999999999999999,
    0.641183574879227,
    0.75,
    0.41465116279069775,
    0.6484230055658626,
    0.6909090909090908,
    0.6909090909090908,
    0.7115384615384615,
    0.5566883116883116,
    0.6957746478873239,
    0.6909090909090908,
    0.47374517374517366,
    0.6949152542372881,
    0.6307692307692307,
    0.7642857142857142,
    0.6459459459459459,
    0.6933333333333332,
    0.7033444816053511,
    0.7374999999999999,
    0.696590909090909,
    0.7261904761904762,
    0.6769230769230768,
    0.75,
    0.6833333333333332,
    0.630603448275862,
    0.428843537414966,
    0.656046511627907,
    0.4333333333333333,
    0.5579446640316205,
    0.6749999999999999,
    0.641875,
    0.636335403726708,
    0.6899242424242423,
    0.6666666666666666,
    0.6857366771159874,
    0.5809881422924901,
    0.6307692307692307,
    0.6430232558139534,
    0.7611111111111111,
    0.688021978021978,
    0.673264540337711,
    0.6749999999999999,
    0.5491666666666666,
    0.7357142857142857,
    0.7333333333333333,
    0.6840517241379309,
    0.6297619047619047,
    0.6461538461538461,
    0.6768421052631578,
    0.5977083333333333,
    0.711111111111111,
    0.7928571428571428,
    0.6291079812206573,
    0.646938775510204,
    0.5664419475655431,
    0.709129213483146,
    0.6946428571428571,
    0.5197058823529411,
    0.7,
    0.6744444444444444,
    0.6359459459459459,
    0.75,
    0.6856280193236713,
    0.7045454545454545,
    0.5636363636363636,
    0.72,
    0.6785714285714286,
    0.6764285714285714,
    0.7,
    0.75,
    0.6682706766917292,
    0.6599999999999999,
    0.7388888888888888,
    0.4997752808988763,
    0.7642857142857142,
    0.4485676392572944,
    0.6499999999999999,
    0.75,
    0.5254629629629628,
    0.6895358649789028,
    0.6322077922077921,
    0.625,
    0.5448888888888888,
    0.6948275862068966,
    0.6684415584415583,
    0.7142857142857142,
    0.7388888888888888,
    0.4425531914893617,
    0.7087962962962963,
    0.5384210526315789,
    0.6193236714975845,
    0.6898039215686274,
    0.5306666666666666,
    0.6888888888888888,
    0.4535714285714285,
    0.6874999999999999,
    0.42707509881422917,
    0.6199999999999999,
    0.6799999999999999,
    0.683119658119658,
    0.6333333333333333,
    0.7,
    0.6887782805429864,
    0.6795358649789028,
    0.6335164835164835,
    0.7071428571428571,
    0.5295684803001875,
    0.6368749999999999,
    0.5883333333333334,
    0.675890410958904,
    0.5516465863453814,
    0.7611111111111111,
    0.6437377690802348,
    0.7021323529411764,
    0.6961538461538461,
    0.5296503496503496,
    0.695890410958904,
    0.657142857142857,
    0.6646428571428571,
    0.5957142857142855,
    0.6962499999999999,
    0.73,
    0.49979452054794515,
    0.6227272727272728,
    0.725,
    0.6446478873239436,
    0.6894372294372294,
    0.6689298043728422,
    0.6207692307692307,
    0.6840116279069767,
    0.6385714285714286,
    0.557037037037037,
    0.6419871794871794,
    0.7037962037962038,
    0.6869090909090908,
    0.6799999999999999,
    0.5490178571428571,
    0.7,
    0.6396656534954407,
    0.5172549019607843,
    0.6464373464373463,
    0.4617857142857143,
    0.6681818181818181,
    0.5381280788177338,
    0.6731256085686464,
    0.6888888888888888,
    0.5241666666666667,
    0.6086363636363636,
    0.6529255319148936,
    0.5436363636363636,
    0.6333333333333333,
    0.6836257309941519,
    0.657142857142857,
    0.7214285714285714,
    0.594762808349146,
    0.6499999999999999,
    0.7333333333333333,
    0.7,
    0.673026973026973,
    0.41724137931034483,
    0.7042521994134896,
    0.7374999999999999,
    0.6749999999999999,
    0.711111111111111,
    0.6798850574712643,
    0.7222222222222221,
    0.668167701863354,
    0.6155882352941177,
    0.7388888888888888,
    0.6562499999999999,
    0.6836257309941519,
    0.6888888888888888,
    0.5887499999999999,
    0.7384453781512604,
    0.501875,
    0.6666666666666666,
    0.6675824175824175,
    0.7,
    0.7124999999999999,
    0.6820557491289198,
    0.6501976284584979,
    0.6615384615384614,
    0.695890410958904,
    0.5955609460278956,
    0.6749999999999999,
    0.6302405498281787,
    0.6576190476190477,
    0.6697368421052631,
    0.5945833333333332,
    0.6226708074534161,
    0.657142857142857,
    0.6874999999999999,
    0.449438202247191,
    0.6799999999999999,
    0.6714285714285714,
    0.6528205128205128,
    0.7,
    0.73,
    0.681766917293233,
    0.6820998278829603,
    0.6510160427807485,
    0.4926582278481012,
    0.5256666666666666,
    0.7166666666666667,
    0.4242857142857143,
    0.6592032967032966,
    0.6399999999999999,
    0.5612499999999999,
    0.5791596638655462,
    0.6044947735191637,
    0.6865612648221343,
    0.6503246753246752,
    0.6923076923076923,
    0.5580487804878048,
    0.5680252100840335,
    0.4107092198581561,
    0.40135338345864663,
    0.6461538461538461,
    0.5697727272727272,
    0.5656873822975517,
    0.5663636363636363,
    0.41323886639676116,
    0.6169230769230769,
    0.579310344827586,
    0.6957746478873239,
    0.6833333333333332,
    0.646470588235294,
    0.45326388888888886,
    0.7772727272727272,
    0.6725752508361204,
    0.5461490683229813,
    0.7,
    0.69375,
    0.638888888888889,
    0.5459340659340658,
    0.6391812865497075,
    0.74,
    0.7492857142857142,
    0.6746428571428571,
    0.75,
    0.5593162393162393,
    0.6762962962962963,
    0.6633333333333333,
    0.7249999999999999,
    0.6713855421686746,
    0.7141987829614603,
    0.711111111111111,
    0.6680194805194805,
    0.6961538461538461,
    0.6545454545454544,
    0.5875324675324676,
    0.6794871794871794,
    0.7388888888888888,
    0.6792237442922373,
    0.6625,
    0.5521590909090908,
    0.5712987012987012,
    0.6681318681318681,
    0.6633333333333333,
    0.6499625468164794,
    0.673026973026973,
    0.6666666666666666,
    0.6895833333333332,
    0.6839160839160839,
    0.7148275862068966,
    0.7077639751552794,
    0.6631782945736434,
    0.6844387755102039,
    0.4771014492753623,
