{
  "file_path": "data\\raw_srts\\YV_2018-63_080818.srt",
  "processing_time": 187.61900091171265,
  "total_segments": 369,
  "segments_modified": 284,
  "corrections_applied": {
    "conversational_partial_phrase": 10,
    "handled_conversational_nuances": 66,
    "removed_repetitions": 3,
    "fixed_capitalization": 259,
    "converted_numbers": 27,
    "sanskrit_hindi_direct_replacement": 6,
    "removed_filler_words": 34,
    "standardized_punctuation": 1
  },
  "timestamp_integrity_verified": true,
  "errors_encountered": [],
  "warnings_encountered": [
    "High semantic drift (0.350) in segment",
    "High semantic drift (0.343) in segment",
    "High semantic drift (0.308) in segment",
    "High semantic drift (0.346) in segment",
    "High semantic drift (0.311) in segment",
    "High semantic drift (0.325) in segment",
    "High semantic drift (0.328) in segment",
    "High semantic drift (0.347) in segment",
    "High semantic drift (0.375) in segment",
    "High semantic drift (0.310) in segment",
    "High semantic drift (0.321) in segment",
    "High semantic drift (0.319) in segment"
  ],
  "original_word_count": 4660,
  "processed_word_count": 4361,
  "original_char_count": 26076,
  "processed_char_count": 25158,
  "confidence_scores": [
    0.6749999999999999,
    0.2304040404040404,
    0.7071428571428571,
    0.6499999999999999,
    0.6499999999999999,
    0.6277777777777778,
    0.7576923076923077,
    0.6294520547945206,
    0.6575373993095511,
    0.7166666666666667,
    0.6513285024154589,
    0.6933333333333332,
    0.7303333333333333,
    0.6749999999999999,
    0.71,
    0.6033766233766233,
    0.5360975609756097,
    0.5956756756756757,
    0.6621212121212121,
    0.7166666666666666,
    0.6789855072463767,
    0.6633699633699633,
    0.7030081300813007,
    0.7833333333333333,
    0.7269230769230769,
    0.6897188755020079,
    0.7384453781512604,
    0.8277777777777777,
    0.44670284938941657,
    0.5616666666666666,
    0.6767741935483871,
    0.5926436781609195,
    0.6897188755020079,
    0.69,
    0.7388888888888888,
    0.5529931972789116,
    0.48533333333333334,
    0.6036956521739131,
    0.6923076923076923,
    0.541625874125874,
    0.69,
    0.7,
    0.5042857142857142,
    0.6805642633228839,
    0.6673745173745174,
    0.5771428571428571,
    0.6419621749408984,
    0.7212025316455695,
    0.5211904761904761,
    0.5608385093167702,
    0.5198096748612212,
    0.5699613899613899,
    0.7214285714285714,
    0.5981609195402299,
    0.5358064516129032,
    0.5254838709677419,
    0.6901418439716311,
    0.6875,
    0.6811177428106348,
    0.6799999999999999,
    0.7074525745257452,
    0.6590243902439024,
    0.4884615384615384,
    0.6444444444444444,
    0.7884615384615384,
    0.7576923076923077,
    0.5642751842751842,
    0.7599999999999999,
    0.7357142857142857,
    0.6397321428571427,
    0.6820998278829603,
    0.7,
    0.7076923076923076,
    0.7642857142857142,
    0.6200819672131146,
    0.6756521739130434,
    0.7148275862068966,
    0.7785714285714286,
    0.48999999999999994,
    0.7409090909090909,
    0.7357142857142857,
    0.7023529411764705,
    0.6808333333333332,
    0.7423076923076923,
    0.676590909090909,
    0.6694980694980694,
    0.5745454545454546,
    0.39970674486803515,
    0.6898850574712643,
    0.6363636363636362,
    0.5597752808988764,
    0.5802564102564102,
    0.588943298969072,
    0.7021786492374728,
    0.48735849056603775,
    0.675890410958904,
    0.7214285714285714,
    0.6510971786833855,
    0.6449999999999999,
    0.5417332035053554,
    0.7025115664243224,
    0.7499999999999999,
    0.6182575757575757,
    0.6539170506912442,
    0.560952380952381,
    0.6865612648221343,
    0.6767741935483871,
    0.7388888888888888,
    0.6989214175654853,
    0.69,
    0.6201612903225805,
    0.7374999999999999,
    0.6538461538461537,
    0.655890410958904,
    0.7,
    0.6959459459459459,
    0.6611111111111111,
    0.5431410256410255,
    0.6399999999999999,
    0.5343766578249336,
    0.7833333333333333,
    0.7071428571428571,
    0.6833333333333333,
    0.5777777777777777,
    0.6767741935483871,
    0.6968421052631578,
    0.7433333333333333,
    0.6441176470588235,
    0.6958333333333333,
    0.6442307692307692,
    0.6786458333333333,
    0.6114814814814815,
    0.6448275862068965,
    0.4716666666666666,
    0.6592391304347824,
    0.4496428571428571,
    0.5996212121212121,
    0.6666666666666666,
    0.5138888888888888,
    0.6718085106382978,
    0.5918905472636815,
    0.7148275862068966,
    0.63125,
    0.515064935064935,
    0.516206896551724,
    0.6727272727272726,
    0.6794642857142856,
    0.5599999999999999,
    0.6504358655043585,
    0.725,
    0.6799999999999999,
    0.71,
    0.5293529411764705,
    0.6113098847786538,
    0.6593421052631577,
    0.5397872340425531,
    0.72,
    0.645890410958904,
    0.7388888888888888,
    0.7388888888888888,
    0.7,
    0.75,
    0.73,
    0.6797142857142856,
    0.6623809523809523,
    0.536470588235294,
    0.5888888888888889,
    0.6820998278829603,
    0.6823529411764705,
    0.6950819672131147,
    0.7142857142857142,
    0.6944444444444444,
    0.7333333333333333,
    0.7041343669250645,
    0.6692857142857143,
    0.6010126582278481,
    0.657142857142857,
    0.6179968701095461,
    0.6716666666666666,
    0.6491666666666667,
    0.7333333333333333,
    0.7428571428571428,
    0.5782142857142857,
    0.5444385026737967,
    0.6249999999999999,
    0.6199999999999999,
    0.5417332035053554,
    0.5352260111022997,
    0.4966267942583731,
    0.6923076923076923,
    0.7676470588235293,
    0.6579240037071361,
    0.583623188405797,
    0.7166666666666667,
    0.75,
    0.7333333333333333,
    0.6688144329896907,
    0.6499999999999999,
    0.759090909090909,
    0.4601843317972349,
    0.6933333333333332,
    0.7657894736842105,
    0.6670588235294117,
    0.6499999999999999,
    0.4915079365079364,
    0.6763855421686746,
    0.6833333333333332,
    0.624015444015444,
    0.75,
    0.4502304147465438,
    0.6857142857142856,
    0.668167701863354,
    0.75,
    0.6689772727272726,
    0.725,
    0.555040650406504,
    0.6128054298642533,
    0.6557746478873239,
    0.6957746478873239,
    0.6857142857142856,
    0.6610062893081761,
    0.7428571428571428,
    0.7333333333333333,
    0.7148148148148148,
    0.7109803921568626,
    0.5837755102040817,
    0.7423076923076923,
    0.725,
    0.7,
    0.6857142857142856,
    0.73,
    0.6458333333333333,
    0.75,
    0.6718421052631578,
    0.5629213483146066,
    0.5224731182795699,
    0.6545454545454544,
    0.6749999999999999,
    0.6930232558139534,
    0.7027705627705627,
    0.7058823529411764,
    0.5146478873239436,
    0.7833333333333333,
    0.73,
    0.6766666666666666,
    0.6252747252747253,
    0.71,
    0.588850267379679,
    0.7,
    0.5817191283292977,
    0.6820557491289198,
    0.7611111111111111,
    0.6882536382536383,
    0.6793226381461674,
    0.6283866837387964,
    0.703525641025641,
    0.709090909090909,
    0.6484848484848484,
    0.514055944055944,
    0.7409090909090909,
    0.75,
    0.4992982456140351,
    0.6789215686274509,
    0.6049450549450549,
    0.6803245436105476,
    0.6201098901098901,
    0.6666666666666666,
    0.694059405940594,
    0.5587123745819398,
    0.6510822510822509,
    0.5867279411764705,
    0.6333333333333333,
    0.45199999999999996,
    0.7035827186512117,
    0.6923076923076923,
    0.3597744360902256,
    0.5593103448275861,
    0.7029304029304029,
    0.6907468605419695,
    0.49414141414141405,
    0.5585185185185184,
    0.6037121212121211,
    0.6799999999999999,
