{
  "file_path": "data\\raw_srts\\YV_2018-65_081518.srt",
  "processing_time": 198.42419624328613,
  "total_segments": 338,
  "segments_modified": 269,
  "corrections_applied": {
    "conversational_partial_phrase": 20,
    "handled_conversational_nuances": 57,
    "removed_repetitions": 4,
    "fixed_capitalization": 238,
    "converted_numbers": 26,
    "removed_filler_words": 27,
    "sanskrit_hindi_direct_replacement": 40,
    "standardized_punctuation": 1,
    "legacy_lexicon_correction": 2
  },
  "timestamp_integrity_verified": true,
  "errors_encountered": [],
  "warnings_encountered": [
    "High semantic drift (0.406) in segment",
    "High semantic drift (0.307) in segment",
    "High semantic drift (0.307) in segment",
    "High semantic drift (0.536) in segment",
    "High semantic drift (0.333) in segment",
    "High semantic drift (0.316) in segment",
    "High semantic drift (0.314) in segment",
    "High semantic drift (0.313) in segment",
    "High semantic drift (0.330) in segment",
    "High semantic drift (0.361) in segment",
    "High semantic drift (0.310) in segment",
    "High semantic drift (0.413) in segment",
    "High semantic drift (0.332) in segment"
  ],
  "original_word_count": 4256,
  "processed_word_count": 3976,
  "original_char_count": 24571,
  "processed_char_count": 23791,
  "confidence_scores": [
    0.73,
    0.7,
    0.3745833333333334,
    0.7071428571428571,
    0.6499999999999999,
    0.6499999999999999,
    0.6277777777777778,
    0.7642857142857142,
    0.6749999999999999,
    0.6531835205992509,
    0.7064957264957265,
    0.6953846153846154,
    0.683119658119658,
    0.7333333333333333,
    0.6861471861471861,
    0.668111888111888,
    0.7884615384615384,
    0.6817142857142856,
    0.6933333333333332,
    0.7833333333333333,
    0.6545454545454544,
    0.6833333333333332,
    0.7227272727272727,
    0.6392426850258175,
    0.6727272727272726,
    0.5877586206896551,
    0.7552631578947369,
    0.5440425531914893,
    0.5676288659793814,
    0.6962499999999999,
    0.6131782945736434,
    0.6688311688311688,
    0.6615819209039547,
    0.75,
    0.663573883161512,
    0.7294117647058823,
    0.77,
    0.7024340770791074,
    0.5185714285714285,
    0.6886039886039886,
    0.7374999999999999,
    0.6950819672131147,
    0.7676470588235293,
    0.7409090909090909,
    0.6104130808950086,
    0.45502164502164494,
    0.6539170506912442,
    0.75,
    0.6517857142857142,
    0.6707142857142856,
    0.6576923076923077,
    0.6315934065934066,
    0.7441176470588236,
    0.6446666666666666,
    0.6990641711229946,
    0.7061403508771928,
    0.7681818181818182,
    0.72,
    0.6725,
    0.6666666666666666,
    0.528105625717566,
    0.6764285714285714,
    0.75,
    0.5171541501976283,
    0.6369696969696969,
    0.4969230769230768,
    0.6680952380952381,
    0.6666666666666666,
    0.6686170212765957,
    0.5511538461538461,
    0.5357017543859648,
    0.6499999999999999,
    0.5314767932489451,
    0.5643929564411492,
    0.6907468605419695,
    0.609,
    0.49399999999999994,
    0.6355882352941176,
    0.6799999999999999,
    0.6909261576971214,
    0.7071428571428571,
    0.6884615384615385,
    0.5908403361344537,
    0.5676190476190476,
    0.6970588235294117,
    0.7423076923076923,
    0.4926436781609194,
    0.5390909090909091,
    0.682010582010582,
    0.5454761904761903,
    0.7227272727272727,
    0.75,
    0.5064227642276422,
    0.5958928571428571,
    0.7388888888888888,
    0.7113970588235293,
    0.6515873015873015,
    0.6749999999999999,
    0.5010970464135021,
    0.634412955465587,
    0.6839285714285713,
    0.6769230769230768,
    0.5314285714285714,
    0.6042213883677299,
    0.6765151515151514,
    0.74,
    0.6833333333333332,
    0.6823529411764705,
    0.5926829268292682,
    0.6666666666666666,
    0.57,
    0.725,
    0.5892857142857142,
    0.6595238095238095,
    0.5217582417582417,
    0.5761654135338345,
    0.5183333333333333,
    0.7357142857142857,
    0.6538819875776396,
    0.5495228821811099,
    0.7045454545454545,
    0.6787878787878787,
    0.6120535714285714,
    0.6734177215189873,
    0.6347670250896057,
    0.6407908992416035,
    0.682766439909297,
    0.5677272727272727,
    0.6467032967032966,
    0.6457142857142856,
    0.75,
    0.69,
    0.42657142857142855,
    0.6285714285714286,
    0.773076923076923,
    0.6424475524475525,
    0.7115384615384615,
    0.7115384615384615,
    0.7126436781609194,
    0.6714285714285714,
    0.6759999999999999,
    0.6626126126126126,
    0.7,
    0.668167701863354,
    0.6394088669950738,
    0.48307692307692296,
    0.6471477663230241,
    0.66877990430622,
    0.6714285714285714,
    0.7129166666666666,
    0.6508417508417508,
    0.6874999999999999,
    0.7166666666666667,
    0.646470588235294,
    0.6505980861244018,
    0.7045454545454545,
    0.5608510638297872,
    0.6892237442922373,
    0.7323529411764705,
    0.5593939393939394,
    0.6224489795918368,
    0.6967741935483871,
    0.49680602006688956,
    0.6580090497737555,
    0.6885576923076923,
    0.5214814814814814,
    0.6510570824524312,
    0.5149999999999999,
    0.71,
    0.6755882352941176,
    0.7166666666666667,
    0.6946428571428571,
    0.5408695652173913,
    0.5505194805194805,
    0.49032967032967023,
    0.6624999999999999,
    0.6823434991974316,
    0.6963855421686747,
    0.7166666666666667,
    0.7046791443850267,
    0.6961538461538461,
    0.6236533957845433,
    0.5809677419354838,
    0.6561038961038961,
    0.5367272727272726,
    0.5950819672131146,
    0.4797142857142857,
    0.6923076923076923,
    0.6248709122203098,
    0.75,
    0.5183292383292382,
    0.6874999999999999,
    0.6797188755020079,
    0.6615384615384614,
    0.6499999999999999,
    0.7388888888888888,
    0.682621502209131,
    0.6426829268292682,
    0.6536945812807881,
    0.6822660098522166,
    0.5382417582417582,
    0.6883603238866397,
    0.5534186939820742,
    0.6628205128205128,
    0.7042521994134896,
    0.6833333333333332,
    0.5646078431372549,
    0.6062637362637362,
    0.6591666666666666,
    0.6533333333333333,
    0.543118811881188,
    0.7166666666666667,
    0.6759999999999999,
    0.6499999999999999,
    0.7071428571428571,
    0.5142857142857142,
    0.5717171717171717,
    0.6749999999999999,
    0.6688775510204081,
    0.6952380952380952,
    0.725,
    0.6810190369540873,
    0.7249999999999999,
    0.5762686567164179,
    0.6727272727272726,
    0.709129213483146,
    0.6820557491289198,
    0.6666666666666666,
    0.6499999999999999,
    0.558974358974359,
    0.7033333333333333,
    0.5849999999999999,
    0.5351442307692307,
    0.7058823529411764,
    0.6074011299435028,
    0.6666666666666666,
    0.696551724137931,
    0.6048245614035088,
    0.5098701298701298,
    0.7463636363636362,
    0.6680397727272727,
    0.6481818181818182,
    0.5729021558872305,
    0.7176470588235293,
    0.73,
    0.6536134453781511,
    0.6499999999999999,
    0.6187499999999999,
    0.38357487922705313,
    0.6845297029702969,
    0.6938144329896907,
    0.6803333333333332,
    0.6898039215686274,
    0.7249999999999999,
    0.6392857142857142,
    0.6963855421686747,
    0.7,
    0.75,
    0.7280701754385964,
    0.7166666666666667,
    0.6503787878787878,
    0.6965116279069767,
    0.7028535980148882,
    0.5505215419501133,
    0.6615819209039547,
    0.6950819672131147,
    0.6642857142857143,
    0.663573883161512,
    0.6683333333333332,
    0.6677248677248677,
    0.60125,
    0.5032088285229201,
    0.6624999999999999,
    0.6794642857142856,
    0.6599999999999999,
    0.5734782608695652,
    0.4621428571428572,
