{
  "file_path": "data\\raw_srts\\YV_2018-62_080718.srt",
  "processing_time": 173.4027795791626,
  "total_segments": 292,
  "segments_modified": 252,
  "corrections_applied": {
    "conversational_partial_phrase": 12,
    "handled_conversational_nuances": 55,
    "removed_repetitions": 4,
    "fixed_capitalization": 237,
    "converted_numbers": 32,
    "removed_filler_words": 30,
    "conversational_filler_context": 2,
    "standardized_punctuation": 1,
    "sanskrit_hindi_direct_replacement": 4
  },
  "timestamp_integrity_verified": true,
  "errors_encountered": [],
  "warnings_encountered": [
    "High semantic drift (0.306) in segment",
    "High semantic drift (0.386) in segment",
    "High semantic drift (0.459) in segment",
    "High semantic drift (0.384) in segment",
    "High semantic drift (0.332) in segment",
    "High semantic drift (0.417) in segment",
    "High semantic drift (0.310) in segment",
    "High semantic drift (0.302) in segment",
    "High semantic drift (0.310) in segment",
    "High semantic drift (0.337) in segment",
    "High semantic drift (0.307) in segment",
    "High semantic drift (0.313) in segment",
    "High semantic drift (0.361) in segment",
    "High semantic drift (0.431) in segment",
    "High semantic drift (0.304) in segment",
    "High semantic drift (0.388) in segment",
    "High semantic drift (0.444) in segment",
    "High semantic drift (0.329) in segment",
    "High semantic drift (0.373) in segment"
  ],
  "original_word_count": 4014,
  "processed_word_count": 3675,
  "original_char_count": 22774,
  "processed_char_count": 21909,
  "confidence_scores": [
    0.73,
    0.7,
    0.3745833333333334,
    0.7071428571428571,
    0.6499999999999999,
    0.6499999999999999,
    0.6277777777777778,
    0.7576923076923077,
    0.6294520547945206,
    0.6575373993095511,
    0.7166666666666667,
    0.7227272727272727,
    0.6878018575851393,
    0.6549450549450548,
    0.6498039215686274,
    0.6824583866837387,
    0.6820557491289198,
    0.670181503889369,
    0.6682027649769585,
    0.6461538461538461,
    0.6875,
    0.6787179487179487,
    0.5999999999999999,
    0.5999999999999999,
    0.7,
    0.6666666666666666,
    0.7423076923076923,
    0.6582051282051281,
    0.5297418244406196,
    0.6901754385964911,
    0.6246031746031746,
    0.6950819672131147,
    0.6728682170542635,
    0.7166666666666667,
    0.6323636363636362,
    0.7,
    0.7277777777777777,
    0.6854111405835543,
    0.6152347652347653,
    0.702621483375959,
    0.6555882352941176,
    0.5097003745318351,
    0.591112618724559,
    0.619915254237288,
    0.642962356792144,
    0.6207017543859649,
    0.5497872340425531,
    0.6961038961038961,
    0.671938775510204,
    0.6857142857142856,
    0.696629213483146,
    0.6885576923076923,
    0.6761029411764705,
    0.41391941391941395,
    0.7041208791208791,
    0.6066528066528066,
    0.6796747967479674,
    0.6545454545454544,
    0.6694230769230769,
    0.5163295880149812,
    0.6868115942028985,
    0.73,
    0.7032146957520091,
    0.6594072164948452,
    0.6680952380952381,
    0.39896103896103896,
    0.7157894736842104,
    0.6797188755020079,
    0.5256140350877193,
    0.5931034482758619,
    0.6472727272727272,
    0.6793313069908814,
    0.7028823529411764,
    0.6916756176154671,
    0.5764685314685314,
    0.4005420054200542,
    0.709090909090909,
    0.42,
    0.4513911620294599,
    0.6499999999999999,
    0.75,
    0.6182222222222221,
    0.6189230769230769,
    0.7357142857142857,
    0.6929411764705882,
    0.6627705627705628,
    0.42922234392113917,
    0.6371428571428571,
    0.6526098901098901,
    0.6367391304347825,
    0.6428571428571428,
    0.759090909090909,
    0.6734347048300536,
    0.6768749999999999,
    0.7576923076923077,
    0.6791079812206572,
    0.662719298245614,
    0.7077114427860696,
    0.6326190476190476,
    0.475979381443299,
    0.566764705882353,
    0.4374384236453202,
    0.7245173745173745,
    0.6467032967032966,
    0.6792601576713159,
    0.671629213483146,
    0.4354609929078014,
    0.6285,
    0.5399999999999999,
    0.6941176470588235,
    0.5222988505747126,
    0.6677700348432055,
    0.6761904761904761,
    0.5819601328903654,
    0.7067391304347825,
    0.6207692307692307,
    0.5873758865248226,
    0.646629213483146,
    0.6855921855921855,
    0.6759459459459459,
    0.7166666666666667,
    0.6602150537634408,
    0.6578799249530956,
    0.5322088353413654,
    0.5892105263157894,
    0.7269230769230769,
    0.6886491557223264,
    0.5432775119617224,
    0.61875,
    0.6563414634146341,
    0.5519999999999999,
    0.7,
    0.5103571428571427,
    0.49414141414141405,
    0.642403846153846,
    0.679120879120879,
    0.5555609460278955,
    0.5329629629629629,
    0.662719298245614,
    0.6428571428571428,
    0.6944444444444444,
    0.48999999999999994,
    0.6962025316455696,
    0.6307692307692307,
    0.6649068322981366,
    0.4962878787878787,
    0.516206896551724,
    0.6934065934065934,
    0.6630081300813008,
    0.6078341013824884,
    0.5450246305418718,
    0.6856630824372759,
    0.6424050632911391,
    0.5385714285714285,
    0.6894372294372294,
    0.7269230769230769,
    0.6246753246753247,
    0.6551554828150572,
    0.6177446102819236,
    0.5956565656565657,
    0.5548709122203097,
    0.6824884792626728,
    0.7388888888888888,
    0.5469076305220884,
    0.673103448275862,
    0.6431818181818182,
    0.6833333333333333,
    0.7357142857142857,
    0.696551724137931,
    0.6799999999999999,
    0.7033216783216782,
    0.6962499999999999,
    0.5965168539325842,
    0.690546218487395,
    0.48997524752475247,
    0.5004858299595142,
    0.4439130434782608,
    0.5783333333333333,
    0.7390109890109889,
    0.6502197802197803,
    0.6561038961038961,
    0.6841666666666666,
    0.5555813953488372,
    0.6941176470588235,
    0.725,
    0.6615384615384614,
    0.6796296296296296,
    0.7205714285714285,
    0.5674220374220373,
    0.6755223880597014,
    0.6857638888888887,
    0.6392857142857142,
    0.475,
    0.6678571428571428,
    0.6727272727272726,
    0.5335464535464535,
    0.66084142394822,
    0.6536544850498338,
    0.49680602006688956,
    0.6630952380952381,
    0.42255319148936166,
    0.604090909090909,
    0.46515092502434274,
    0.5059999999999999,
    0.6733086190917515,
    0.7071428571428571,
    0.6119755244755244,
    0.6649068322981366,
    0.6296590909090909,
    0.6599999999999999,
    0.6599250936329588,
    0.73,
    0.6921052631578947,
    0.6534313725490196,
    0.6749999999999999,
    0.665498357064622,
    0.6582417582417581,
    0.6553846153846153,
    0.4002889245585875,
    0.6844072164948453,
    0.6502721088435374,
    0.6537337662337661,
    0.6595238095238095,
    0.7142857142857142,
    0.5495348837209302,
    0.715890410958904,
    0.549981807155852,
    0.6857142857142856,
    0.7333333333333333,
    0.5458823529411764,
    0.6823529411764705,
    0.75,
    0.6583469721767593,
    0.5386206896551724,
    0.596774193548387,
    0.670104895104895,
    0.5920393559928444,
    0.5974164133738602,
    0.5950819672131146,
    0.5465168539325842,
    0.49911764705882355,
    0.6961538461538461,
    0.6678571428571428,
    0.6683794466403161,
    0.6674285714285714,
    0.7833333333333333,
    0.7247739602169981,
    0.6262304921968788,
    0.7138775510204082,
    0.5573626373626374,
    0.684274193548387,
    0.6333333333333333,
    0.49564459930313587,
    0.6467391304347825,
    0.526829268292683,
    0.670181503889369,
    0.6666666666666666,
    0.75,
    0.7333333333333333,
    0.6075150060024009,
    0.6868817204301074,
    0.6247386759581881,
    0.6550819672131146,
    0.686950354609929,
    0.6874999999999999,
    0.6882536382536383,
    0.6916440586001085,
    0.69,
    0.5629861111111111,
    0.6729757085020243,
    0.5892307692307691,
    0.5707389162561576,
    0.45973404255319145,
    0.5802564102564102,
    0.7093421052631578,
